const unsigned char model[] = {
  0x20, 0x00, 0x00, 0x00, 0x54, 0x46, 0x4c, 0x33, 0x00, 0x00, 0x00, 0x00,
  0x14, 0x00, 0x20, 0x00, 0x1c, 0x00, 0x18, 0x00, 0x14, 0x00, 0x10, 0x00,
  0x0c, 0x00, 0x00, 0x00, 0x08, 0x00, 0x04, 0x00, 0x14, 0x00, 0x00, 0x00,
  0x1c, 0x00, 0x00, 0x00, 0x88, 0x00, 0x00, 0x00, 0xe0, 0x00, 0x00, 0x00,
  0xa0, 0x2b, 0x00, 0x00, 0xb0, 0x2b, 0x00, 0x00, 0xd4, 0x42, 0x00, 0x00,
  0x03, 0x00, 0x00, 0x00, 0x01, 0x00, 0x00, 0x00, 0x04, 0x00, 0x00, 0x00,
  0x22, 0xd3, 0xff, 0xff, 0x0c, 0x00, 0x00, 0x00, 0x1c, 0x00, 0x00, 0x00,
  0x38, 0x00, 0x00, 0x00, 0x0f, 0x00, 0x00, 0x00, 0x73, 0x65, 0x72, 0x76,
  0x69, 0x6e, 0x67, 0x5f, 0x64, 0x65, 0x66, 0x61, 0x75, 0x6c, 0x74, 0x00,
  0x01, 0x00, 0x00, 0x00, 0x04, 0x00, 0x00, 0x00, 0x94, 0xff, 0xff, 0xff,
  0x19, 0x00, 0x00, 0x00, 0x04, 0x00, 0x00, 0x00, 0x07, 0x00, 0x00, 0x00,
  0x64, 0x65, 0x6e, 0x73, 0x65, 0x5f, 0x31, 0x00, 0x01, 0x00, 0x00, 0x00,
  0x04, 0x00, 0x00, 0x00, 0x76, 0xd1, 0xff, 0xff, 0x04, 0x00, 0x00, 0x00,
  0x0c, 0x00, 0x00, 0x00, 0x63, 0x6f, 0x6e, 0x76, 0x32, 0x64, 0x5f, 0x69,
  0x6e, 0x70, 0x75, 0x74, 0x00, 0x00, 0x00, 0x00, 0x02, 0x00, 0x00, 0x00,
  0x34, 0x00, 0x00, 0x00, 0x04, 0x00, 0x00, 0x00, 0xdc, 0xff, 0xff, 0xff,
  0x1c, 0x00, 0x00, 0x00, 0x04, 0x00, 0x00, 0x00, 0x13, 0x00, 0x00, 0x00,
  0x43, 0x4f, 0x4e, 0x56, 0x45, 0x52, 0x53, 0x49, 0x4f, 0x4e, 0x5f, 0x4d,
  0x45, 0x54, 0x41, 0x44, 0x41, 0x54, 0x41, 0x00, 0x08, 0x00, 0x0c, 0x00,
  0x08, 0x00, 0x04, 0x00, 0x08, 0x00, 0x00, 0x00, 0x1b, 0x00, 0x00, 0x00,
  0x04, 0x00, 0x00, 0x00, 0x13, 0x00, 0x00, 0x00, 0x6d, 0x69, 0x6e, 0x5f,
  0x72, 0x75, 0x6e, 0x74, 0x69, 0x6d, 0x65, 0x5f, 0x76, 0x65, 0x72, 0x73,
  0x69, 0x6f, 0x6e, 0x00, 0x1d, 0x00, 0x00, 0x00, 0xbc, 0x2a, 0x00, 0x00,
  0xb4, 0x2a, 0x00, 0x00, 0x9c, 0x2a, 0x00, 0x00, 0x74, 0x2a, 0x00, 0x00,
  0xa4, 0x29, 0x00, 0x00, 0x14, 0x29, 0x00, 0x00, 0x04, 0x19, 0x00, 0x00,
  0x74, 0x18, 0x00, 0x00, 0x64, 0x06, 0x00, 0x00, 0x14, 0x06, 0x00, 0x00,
  0x84, 0x01, 0x00, 0x00, 0x54, 0x01, 0x00, 0x00, 0xfc, 0x00, 0x00, 0x00,
  0xf4, 0x00, 0x00, 0x00, 0xec, 0x00, 0x00, 0x00, 0xe4, 0x00, 0x00, 0x00,
  0xdc, 0x00, 0x00, 0x00, 0xd4, 0x00, 0x00, 0x00, 0xcc, 0x00, 0x00, 0x00,
  0xc4, 0x00, 0x00, 0x00, 0xbc, 0x00, 0x00, 0x00, 0xb4, 0x00, 0x00, 0x00,
  0xac, 0x00, 0x00, 0x00, 0xa4, 0x00, 0x00, 0x00, 0x9c, 0x00, 0x00, 0x00,
  0x94, 0x00, 0x00, 0x00, 0x8c, 0x00, 0x00, 0x00, 0x6c, 0x00, 0x00, 0x00,
  0x04, 0x00, 0x00, 0x00, 0x66, 0xd2, 0xff, 0xff, 0x04, 0x00, 0x00, 0x00,
  0x58, 0x00, 0x00, 0x00, 0x0c, 0x00, 0x00, 0x00, 0x08, 0x00, 0x0e, 0x00,
  0x08, 0x00, 0x04, 0x00, 0x08, 0x00, 0x00, 0x00, 0x10, 0x00, 0x00, 0x00,
  0x28, 0x00, 0x00, 0x00, 0x00, 0x00, 0x06, 0x00, 0x08, 0x00, 0x04, 0x00,
  0x06, 0x00, 0x00, 0x00, 0x04, 0x00, 0x00, 0x00, 0x01, 0x00, 0x00, 0x00,
  0xeb, 0x03, 0x00, 0x00, 0x00, 0x00, 0x0a, 0x00, 0x10, 0x00, 0x0c, 0x00,
  0x08, 0x00, 0x04, 0x00, 0x0a, 0x00, 0x00, 0x00, 0x02, 0x00, 0x00, 0x00,
  0x02, 0x00, 0x00, 0x00, 0x04, 0x00, 0x00, 0x00, 0x06, 0x00, 0x00, 0x00,
  0x32, 0x2e, 0x31, 0x32, 0x2e, 0x30, 0x00, 0x00, 0xca, 0xd2, 0xff, 0xff,
  0x04, 0x00, 0x00, 0x00, 0x10, 0x00, 0x00, 0x00, 0x31, 0x2e, 0x31, 0x34,
  0x2e, 0x30, 0x00, 0x00, 0x00, 0x00, 0x00, 0x00, 0x00, 0x00, 0x00, 0x00,
  0xdc, 0xbf, 0xff, 0xff, 0xe0, 0xbf, 0xff, 0xff, 0xe4, 0xbf, 0xff, 0xff,
  0xe8, 0xbf, 0xff, 0xff, 0xec, 0xbf, 0xff, 0xff, 0xf0, 0xbf, 0xff, 0xff,
  0xf4, 0xbf, 0xff, 0xff, 0xf8, 0xbf, 0xff, 0xff, 0xfc, 0xbf, 0xff, 0xff,
  0x00, 0xc0, 0xff, 0xff, 0x04, 0xc0, 0xff, 0xff, 0x08, 0xc0, 0xff, 0xff,
  0x0c, 0xc0, 0xff, 0xff, 0x10, 0xc0, 0xff, 0xff, 0x1e, 0xd3, 0xff, 0xff,
  0x04, 0x00, 0x00, 0x00, 0x48, 0x00, 0x00, 0x00, 0x69, 0x24, 0x93, 0x75,
  0xb9, 0x81, 0xd4, 0x09, 0xc0, 0x5d, 0x4b, 0xb7, 0xe1, 0x22, 0x3d, 0x75,
  0xd8, 0x7f, 0x00, 0x8a, 0x12, 0x07, 0x81, 0xc5, 0x48, 0x90, 0xb2, 0x7f,
  0x12, 0xb1, 0x3e, 0xc1, 0xf4, 0x26, 0xb9, 0xf5, 0xc4, 0x7d, 0xb8, 0x31,
  0x50, 0x7f, 0x96, 0x57, 0x67, 0x3f, 0x13, 0x7c, 0xdb, 0xd0, 0x1c, 0xa8,
  0x7f, 0x75, 0x7f, 0x0f, 0x76, 0xee, 0x4d, 0x27, 0x5f, 0x02, 0x40, 0xe0,
  0x53, 0xdd, 0x7f, 0x3e, 0xdb, 0x5f, 0x44, 0x5c, 0x72, 0xd3, 0xff, 0xff,
  0x04, 0x00, 0x00, 0x00, 0x20, 0x00, 0x00, 0x00, 0x33, 0xff, 0xff, 0xff,
  0x8b, 0x02, 0x00, 0x00, 0x29, 0xff, 0xff, 0xff, 0x08, 0x00, 0x00, 0x00,
  0x83, 0xff, 0xff, 0xff, 0x61, 0x08, 0x00, 0x00, 0xf6, 0xff, 0xff, 0xff,
  0x15, 0xff, 0xff, 0xff, 0x9e, 0xd3, 0xff, 0xff, 0x04, 0x00, 0x00, 0x00,
  0x80, 0x04, 0x00, 0x00, 0x5c, 0x4f, 0x5e, 0xce, 0x35, 0x3d, 0x43, 0x27,
  0xe5, 0xde, 0xbb, 0xed, 0xdf, 0x1d, 0xcc, 0x66, 0x6e, 0xb7, 0x21, 0xfb,
  0xfe, 0x23, 0xea, 0x77, 0x4c, 0x28, 0x13, 0x21, 0x2e, 0x43, 0x1d, 0x73,
  0xcb, 0x2c, 0x6a, 0x5e, 0x7c, 0x64, 0x22, 0xcf, 0xfc, 0x54, 0x4a, 0x5a,
  0xd6, 0xf9, 0x1e, 0x75, 0x31, 0xb0, 0x7f, 0xd2, 0xbe, 0x55, 0xcb, 0x0b,
  0xa6, 0x60, 0xe5, 0xab, 0x35, 0x4b, 0x35, 0x50, 0xf4, 0xf1, 0x5a, 0x3d,
  0x0c, 0xdb, 0xcd, 0x07, 0xe0, 0x5d, 0xed, 0xe2, 0x44, 0x10, 0x03, 0x72,
  0xc8, 0xfd, 0xdf, 0x35, 0x39, 0x08, 0xeb, 0x32, 0xb5, 0x1a, 0x19, 0xf3,
  0xe9, 0x10, 0x06, 0x59, 0xf7, 0xaa, 0xfa, 0xa7, 0xd2, 0x69, 0x04, 0xa5,
  0xcb, 0x3e, 0xc1, 0x22, 0x5a, 0x16, 0x37, 0xf9, 0xa3, 0x56, 0xb6, 0xe7,
  0xf5, 0x63, 0x12, 0x6e, 0x97, 0xa6, 0xf1, 0xf0, 0xc6, 0xfe, 0x82, 0xb6,
  0x8f, 0x90, 0x37, 0xac, 0x81, 0x15, 0xbc, 0xe5, 0xe7, 0x0f, 0x06, 0xae,
  0x1d, 0x44, 0x42, 0xc4, 0x38, 0xdf, 0xc7, 0x45, 0x25, 0x68, 0x49, 0xa8,
  0x04, 0x06, 0xc6, 0x5b, 0xfd, 0xf0, 0xff, 0x32, 0xfa, 0x7c, 0xd4, 0x0f,
  0x13, 0x11, 0xfa, 0x3b, 0xa3, 0x1f, 0xc9, 0xd8, 0xa5, 0xba, 0x82, 0x00,
  0x81, 0x91, 0x05, 0x00, 0xd8, 0xff, 0xd2, 0x20, 0x88, 0x46, 0x46, 0xe8,
  0x09, 0x61, 0x64, 0xbe, 0xf5, 0x2a, 0xc4, 0xed, 0xb9, 0x0e, 0x9d, 0xe5,
  0xba, 0xe1, 0x4f, 0xa9, 0x07, 0x37, 0x9d, 0x01, 0x9b, 0x05, 0x05, 0x95,
  0xec, 0xda, 0xca, 0x92, 0x48, 0x33, 0xb6, 0x4b, 0x06, 0x60, 0x4d, 0x5c,
  0x23, 0xdb, 0x05, 0xdb, 0x6e, 0x02, 0x38, 0x7f, 0x30, 0x6b, 0x43, 0x39,
  0xcd, 0xf0, 0x03, 0x7a, 0x46, 0xe0, 0x09, 0x0c, 0x56, 0x47, 0x4c, 0xfd,
  0x57, 0x1e, 0xb4, 0xf0, 0x0c, 0x14, 0x61, 0x7e, 0xdf, 0x05, 0x50, 0x24,
  0x63, 0xe8, 0x12, 0x19, 0xef, 0x57, 0xfc, 0x2c, 0x5f, 0xea, 0xd4, 0x41,
  0xfa, 0xf4, 0x6e, 0x46, 0x19, 0xf1, 0x2c, 0xcf, 0x57, 0x06, 0x28, 0x31,
  0x77, 0x5e, 0x48, 0xd3, 0x66, 0x3b, 0xd3, 0x7d, 0x3f, 0x41, 0x36, 0xef,
  0x1a, 0x2f, 0x4e, 0x2c, 0x25, 0x1a, 0xd3, 0xae, 0xb7, 0xdd, 0x2d, 0x0c,
  0x15, 0xfa, 0x2a, 0xdb, 0x7f, 0x53, 0x7b, 0x3a, 0xfb, 0xbd, 0x3a, 0x09,
  0x4c, 0x1a, 0x34, 0xe2, 0xae, 0x14, 0xe7, 0xf4, 0x44, 0x23, 0x3f, 0xcf,
  0xd7, 0xc1, 0xf8, 0x1d, 0x60, 0xd4, 0x47, 0xe6, 0x63, 0x28, 0x32, 0xff,
  0x09, 0x3b, 0x36, 0x32, 0x32, 0xc2, 0xf1, 0xcb, 0x28, 0xfb, 0xe7, 0x2a,
  0x42, 0x21, 0xe5, 0xe0, 0xbe, 0x77, 0xa9, 0x27, 0xf7, 0xfc, 0xf9, 0x41,
  0x69, 0x66, 0x62, 0x07, 0x49, 0x73, 0x4a, 0x25, 0x50, 0x46, 0xc7, 0x14,
  0x66, 0xed, 0x6b, 0x3a, 0xe3, 0xcd, 0x4d, 0x4f, 0x07, 0x57, 0xe7, 0xcb,
  0x6c, 0x00, 0x10, 0x5e, 0xdc, 0xdd, 0x59, 0x2f, 0xd8, 0x13, 0x3c, 0x46,
  0x0d, 0xd2, 0x0c, 0x74, 0xda, 0xa3, 0x7f, 0x25, 0xc1, 0xb7, 0xc3, 0x39,
  0xcc, 0x34, 0x3d, 0xee, 0x2a, 0xf6, 0xb4, 0x3f, 0x36, 0xeb, 0x4a, 0xb8,
  0xdc, 0xf3, 0x00, 0x5c, 0x54, 0x37, 0xba, 0x5e, 0x7f, 0xfc, 0x3e, 0x35,
  0x47, 0x4d, 0x03, 0x4c, 0xd7, 0xe5, 0x19, 0x70, 0x08, 0xf0, 0x05, 0xe2,
  0xa5, 0xcd, 0xe3, 0x2c, 0xdd, 0x72, 0x5e, 0x38, 0x1a, 0x76, 0x52, 0x1c,
  0x28, 0x2a, 0x37, 0xd6, 0x7d, 0x17, 0x22, 0xf6, 0xef, 0xc3, 0x48, 0x40,
  0x04, 0x2e, 0x0d, 0xfd, 0x55, 0x70, 0x06, 0xe5, 0xd6, 0x65, 0x13, 0x66,
  0x09, 0x65, 0x0d, 0x3d, 0x60, 0x62, 0x41, 0x66, 0x6d, 0x2e, 0xa5, 0x45,
  0x75, 0x2b, 0x41, 0x55, 0x37, 0x69, 0x02, 0x51, 0x32, 0x41, 0x14, 0xee,
  0x25, 0xcf, 0xf8, 0x2d, 0x54, 0xcc, 0x37, 0xe1, 0x68, 0x1f, 0x85, 0x7d,
  0xf7, 0xf8, 0x43, 0xd5, 0x61, 0x65, 0xd4, 0x05, 0x13, 0x23, 0x4e, 0x2a,
  0xf6, 0x41, 0x42, 0x2f, 0xc1, 0x36, 0x6b, 0x46, 0xe9, 0x47, 0xbe, 0xd3,
  0x14, 0x25, 0xdf, 0x29, 0x74, 0x67, 0xd2, 0x7e, 0x5d, 0x75, 0x01, 0x56,
  0xf3, 0x2e, 0xd3, 0x7f, 0xc7, 0x09, 0x2d, 0x06, 0xc5, 0xe9, 0x12, 0x00,
  0x58, 0x0d, 0xf0, 0xda, 0xb1, 0x38, 0xda, 0xfb, 0xc3, 0xfc, 0x65, 0x3f,
  0xc3, 0x05, 0x40, 0x01, 0x0c, 0xbb, 0x32, 0xcf, 0xea, 0x1d, 0xb4, 0xfc,
  0x1b, 0x65, 0x04, 0xc5, 0xe6, 0x16, 0x34, 0x02, 0x13, 0x51, 0x38, 0x66,
  0x57, 0xd4, 0x67, 0xa8, 0xe3, 0x39, 0xfd, 0x4a, 0x1e, 0xd8, 0xfe, 0xb4,
  0x05, 0xf2, 0x0b, 0x7c, 0x0d, 0x33, 0xfb, 0xf9, 0xe0, 0x4f, 0x36, 0xb9,
  0xef, 0xf3, 0x81, 0xed, 0xf8, 0x10, 0x6e, 0x4f, 0x79, 0x59, 0xd9, 0xd7,
  0xd4, 0x69, 0x71, 0xd5, 0xe7, 0x4d, 0x68, 0x55, 0x00, 0xde, 0xeb, 0xe9,
  0xf9, 0x53, 0x29, 0xfb, 0x1d, 0xeb, 0x42, 0xdd, 0x62, 0xe0, 0x98, 0x28,
  0x4d, 0x66, 0x58, 0x38, 0x54, 0x20, 0x30, 0xc9, 0xe3, 0x5e, 0x05, 0x41,
  0x1e, 0xfe, 0xc6, 0x52, 0x45, 0x6f, 0x17, 0x59, 0x61, 0x42, 0xc4, 0x51,
  0x09, 0x21, 0x53, 0x67, 0x55, 0x1a, 0xa8, 0x11, 0x05, 0x64, 0x6a, 0xf8,
  0x09, 0x3d, 0x2e, 0x7f, 0x03, 0x35, 0x69, 0x46, 0x20, 0x31, 0x2a, 0x1e,
  0x6e, 0x64, 0x1f, 0xe0, 0xab, 0xfc, 0x13, 0xfb, 0x28, 0xdb, 0xc6, 0xe2,
  0xb9, 0x51, 0x40, 0x09, 0x19, 0x2a, 0x03, 0xeb, 0xeb, 0x21, 0x35, 0x22,
  0x74, 0x27, 0x5a, 0x4b, 0xda, 0xb8, 0xfa, 0x8f, 0xca, 0xd1, 0x91, 0xf8,
  0x81, 0xf9, 0x25, 0xe3, 0xb8, 0xfd, 0x01, 0x8c, 0x98, 0x10, 0xd1, 0xa5,
  0x39, 0x0e, 0xd8, 0xd2, 0x04, 0xf7, 0x74, 0x9e, 0xc4, 0x1d, 0x07, 0x45,
  0xc9, 0xd7, 0x30, 0xdf, 0xfc, 0x0d, 0xc6, 0x19, 0xcb, 0x15, 0xf4, 0xa3,
  0xd2, 0x57, 0x23, 0x42, 0x24, 0xf0, 0x47, 0x14, 0x6c, 0x58, 0x05, 0xeb,
  0xfb, 0x03, 0xfa, 0x69, 0x4c, 0xe8, 0x5f, 0x36, 0xfa, 0x3b, 0x26, 0x7f,
  0x6d, 0x20, 0x3d, 0x3e, 0xf7, 0x85, 0x58, 0xf2, 0xab, 0x97, 0xa1, 0xce,
  0xd2, 0xba, 0xf5, 0xef, 0x5f, 0xd2, 0x62, 0xc4, 0x6f, 0xdf, 0xf9, 0x24,
  0x54, 0xe2, 0xf6, 0xbe, 0xf3, 0xb5, 0xda, 0xf2, 0x84, 0xc7, 0x05, 0x99,
  0x44, 0x50, 0x29, 0xfe, 0xd2, 0x08, 0xc3, 0x0e, 0x3d, 0x33, 0xf3, 0xb3,
  0xe1, 0x68, 0x55, 0x3b, 0x1f, 0x2a, 0xfd, 0x44, 0x62, 0xbf, 0x15, 0x77,
  0x3a, 0x4b, 0x61, 0xe5, 0x1e, 0x27, 0x07, 0x6c, 0x47, 0x32, 0x7f, 0xce,
  0x0e, 0xbe, 0x3a, 0xe2, 0xac, 0xbf, 0x27, 0xce, 0x0d, 0x54, 0xf4, 0x01,
  0x1a, 0x27, 0x1e, 0x45, 0x44, 0x2d, 0x52, 0x13, 0xdb, 0x39, 0x32, 0x01,
  0xc8, 0xcb, 0x50, 0xad, 0xba, 0xce, 0x7c, 0xb6, 0xa5, 0x46, 0xef, 0xab,
  0xe4, 0x1d, 0x5a, 0x49, 0x54, 0xb4, 0x4f, 0xef, 0xfd, 0xd2, 0x7b, 0x25,
  0xdf, 0xdd, 0xf0, 0x28, 0x03, 0x06, 0x3d, 0xbb, 0xbf, 0x45, 0xa8, 0xad,
  0x25, 0xf7, 0x92, 0x11, 0xf0, 0x0d, 0x2d, 0xc9, 0x19, 0x6b, 0xda, 0x1e,
  0x09, 0xea, 0x07, 0x65, 0x1d, 0xd3, 0x0d, 0x2f, 0xda, 0xdb, 0x21, 0x2a,
  0x93, 0xd3, 0xaa, 0xae, 0x49, 0x40, 0xe5, 0x14, 0xe3, 0x23, 0x1e, 0x20,
  0x02, 0xf8, 0x6c, 0x40, 0xa5, 0x4b, 0xf3, 0xc0, 0x2c, 0x41, 0x29, 0x03,
  0xdf, 0x51, 0x07, 0x1e, 0x3e, 0x1e, 0x34, 0xde, 0x68, 0xd3, 0xbb, 0x7f,
  0xbe, 0xc2, 0x38, 0x6e, 0xfd, 0xea, 0xb6, 0xde, 0x20, 0x0b, 0xd7, 0x13,
  0xd5, 0x5b, 0xf9, 0xe7, 0x04, 0x2b, 0x23, 0x69, 0x0f, 0x13, 0x5c, 0x50,
  0x42, 0x55, 0x38, 0x70, 0x17, 0xb9, 0x7d, 0x45, 0x91, 0x25, 0x2d, 0xb4,
  0xc5, 0xec, 0xef, 0xae, 0x33, 0x5a, 0xe6, 0xc1, 0xe9, 0x16, 0x1f, 0x27,
  0x7f, 0x29, 0x55, 0x1f, 0xda, 0xaa, 0x57, 0x18, 0x1d, 0xa3, 0xd7, 0xef,
  0x0d, 0x1b, 0x2a, 0x3f, 0x55, 0x3b, 0xb7, 0xbe, 0xf8, 0x45, 0x3d, 0xea,
  0xee, 0x09, 0x23, 0x26, 0x86, 0xed, 0xe5, 0xc1, 0x91, 0xa7, 0xc4, 0xf7,
  0x0c, 0x32, 0xf0, 0x40, 0xe5, 0x36, 0xcc, 0x2d, 0x49, 0xfe, 0xe8, 0xee,
  0x25, 0x27, 0x20, 0x17, 0xe0, 0x7c, 0x1d, 0xa5, 0xfc, 0x26, 0xe6, 0x14,
  0xee, 0xfc, 0x05, 0xe8, 0x12, 0x4f, 0x64, 0x5b, 0x2e, 0x33, 0x35, 0x44,
  0xc7, 0x1a, 0xfa, 0xde, 0x11, 0x0b, 0xfb, 0xfe, 0x1c, 0xff, 0x34, 0x47,
  0x61, 0x08, 0x3a, 0xf3, 0x31, 0x69, 0x2f, 0x7f, 0x0d, 0x21, 0x14, 0x27,
  0xd7, 0x09, 0x54, 0xce, 0x2a, 0xd8, 0xff, 0xff, 0x04, 0x00, 0x00, 0x00,
  0x40, 0x00, 0x00, 0x00, 0x9f, 0xf9, 0xff, 0xff, 0xc7, 0x0a, 0x00, 0x00,
  0x5b, 0x1e, 0x00, 0x00, 0x24, 0xf7, 0xff, 0xff, 0xe5, 0x00, 0x00, 0x00,
  0xcf, 0xfb, 0xff, 0xff, 0x2d, 0x02, 0x00, 0x00, 0xf8, 0x00, 0x00, 0x00,
  0x1c, 0x09, 0x00, 0x00, 0xbc, 0x08, 0x00, 0x00, 0x0a, 0x15, 0x00, 0x00,
  0xb5, 0x08, 0x00, 0x00, 0xe0, 0xf4, 0xff, 0xff, 0xb9, 0x05, 0x00, 0x00,
  0x8c, 0xfd, 0xff, 0xff, 0x66, 0x09, 0x00, 0x00, 0x76, 0xd8, 0xff, 0xff,
  0x04, 0x00, 0x00, 0x00, 0x00, 0x12, 0x00, 0x00, 0x36, 0x81, 0x8a, 0xe5,
  0xfc, 0xfd, 0xf7, 0x04, 0xeb, 0x4b, 0xcc, 0xc5, 0x07, 0x2f, 0xff, 0x45,
  0xd6, 0xda, 0xe2, 0xe1, 0x43, 0x19, 0x44, 0x4e, 0x2b, 0x29, 0x07, 0x18,
  0xdc, 0xe6, 0xfb, 0xdd, 0xdc, 0x2d, 0xd5, 0xe3, 0x22, 0x1f, 0x23, 0x06,
  0x36, 0x29, 0xf8, 0xe9, 0x33, 0xe7, 0xa6, 0x06, 0x01, 0x34, 0xed, 0x27,
  0x0a, 0xde, 0x03, 0x0d, 0x4d, 0x00, 0xd4, 0xc2, 0xfd, 0xbc, 0x1a, 0xfb,
  0xd8, 0xf5, 0x22, 0xd9, 0xf3, 0x0b, 0xde, 0x22, 0x0f, 0x38, 0x08, 0x1c,
  0x41, 0xd9, 0x04, 0xf8, 0x49, 0x03, 0xeb, 0x59, 0x0e, 0x61, 0x3a, 0x42,
  0x3d, 0x09, 0xd6, 0x3f, 0x1e, 0xd7, 0x2f, 0x2e, 0xba, 0xfd, 0x46, 0xb8,
  0xdd, 0x00, 0xbf, 0x11, 0xe3, 0x14, 0x26, 0xea, 0x00, 0xc4, 0xef, 0xbe,
  0xf8, 0xf3, 0x0b, 0xd7, 0xd9, 0xca, 0xba, 0x11, 0x1a, 0x0c, 0xe7, 0x36,
  0x25, 0xaf, 0xf9, 0x1a, 0xd6, 0xf6, 0xe8, 0xce, 0xfd, 0x1f, 0xd1, 0x1c,
  0xf2, 0xf9, 0xf8, 0x33, 0xd4, 0xfa, 0x37, 0xb3, 0xf9, 0x1b, 0xcd, 0x2d,
  0xb1, 0xfc, 0xd5, 0x38, 0xda, 0xee, 0x22, 0xff, 0x2c, 0xd3, 0xe7, 0x47,
  0xb8, 0x99, 0xeb, 0xb8, 0x3b, 0xc1, 0xb0, 0x39, 0x0d, 0x9e, 0xa0, 0xf0,
  0x12, 0xf6, 0x28, 0xf5, 0x8a, 0xae, 0x13, 0xde, 0x2e, 0xfd, 0xe9, 0xf8,
  0x93, 0xfd, 0x5d, 0xc1, 0xb3, 0x13, 0xd5, 0xce, 0x1a, 0xc1, 0x26, 0xf1,
  0x15, 0xb3, 0xad, 0x9b, 0xc4, 0xce, 0x2c, 0xb3, 0x27, 0xfb, 0x14, 0x02,
  0xeb, 0xaf, 0x0a, 0xf2, 0xeb, 0x92, 0xe2, 0xf8, 0xa6, 0xe1, 0x32, 0x81,
  0x9b, 0xd8, 0x09, 0xa6, 0xc7, 0xb2, 0x24, 0x2c, 0xcd, 0x36, 0x43, 0x4e,
  0xb7, 0xdf, 0xe7, 0xfc, 0x0d, 0xe8, 0xd1, 0x43, 0x09, 0x2b, 0x3c, 0x46,
  0xfe, 0xe0, 0xbe, 0xfd, 0x07, 0xd6, 0xd0, 0xd6, 0xbd, 0x1b, 0xd4, 0x2d,
  0x11, 0x3b, 0xad, 0xfe, 0x2b, 0xeb, 0x12, 0x1f, 0xf6, 0x18, 0x07, 0x36,
  0xe3, 0x54, 0x39, 0x67, 0xff, 0x24, 0xa4, 0x14, 0xe6, 0x3c, 0x0d, 0xe2,
  0xeb, 0x05, 0x14, 0xea, 0x48, 0x42, 0xfe, 0x6b, 0xe4, 0x4c, 0xc1, 0x41,
  0x23, 0x29, 0x24, 0xc9, 0xf0, 0xe1, 0xf3, 0x43, 0x20, 0x3a, 0x2b, 0x0c,
  0x3d, 0x3e, 0x5f, 0x24, 0x09, 0xb9, 0x0b, 0x56, 0xb3, 0xf6, 0xf2, 0x27,
  0xe6, 0xbc, 0xa2, 0xd6, 0x17, 0x45, 0xea, 0xaf, 0x00, 0x41, 0xc3, 0xcd,
  0xde, 0xff, 0xfc, 0x61, 0x00, 0x0d, 0x39, 0xe5, 0xf3, 0x32, 0x69, 0xda,
  0x4f, 0xd0, 0xba, 0xb2, 0xe2, 0xa9, 0x4f, 0x0c, 0x00, 0xba, 0xca, 0x18,
  0xd4, 0x3f, 0x45, 0xec, 0x0a, 0x9a, 0x04, 0x26, 0xea, 0xaf, 0xcf, 0xf5,
  0x27, 0xfc, 0xba, 0x2a, 0x44, 0xf1, 0x1a, 0xf3, 0x34, 0xa7, 0x08, 0x91,
  0xd9, 0x47, 0x28, 0x39, 0x1b, 0x32, 0x05, 0xd1, 0x3f, 0x1e, 0x56, 0xf2,
  0xf9, 0x05, 0x3d, 0xf7, 0x1a, 0x1b, 0x4e, 0x0d, 0xa8, 0x62, 0xe9, 0x63,
  0xd0, 0xe6, 0x81, 0xbd, 0x20, 0xc6, 0x59, 0x63, 0x26, 0x32, 0x90, 0xec,
  0xfa, 0x48, 0xc0, 0x50, 0xec, 0x24, 0xe9, 0x2a, 0x41, 0xbd, 0x46, 0x4b,
  0xf3, 0x58, 0x58, 0x0e, 0xb4, 0x50, 0xdf, 0x30, 0xce, 0x4d, 0x4a, 0xd8,
  0x38, 0x21, 0xb4, 0x39, 0xc2, 0x03, 0xfc, 0x45, 0x48, 0xb8, 0xc7, 0xcf,
  0x2a, 0xf4, 0x2e, 0xeb, 0xea, 0x2c, 0xb9, 0xfa, 0x4b, 0x0f, 0x68, 0x03,
  0xcf, 0xe7, 0x17, 0x44, 0x49, 0xe2, 0xb2, 0xdd, 0xe5, 0x51, 0x0b, 0x02,
  0xd4, 0x51, 0xe1, 0x06, 0x50, 0xff, 0x4e, 0xfb, 0xb5, 0x2b, 0x43, 0xab,
  0xac, 0x04, 0xe3, 0xfd, 0xb1, 0xca, 0x4c, 0xd2, 0x01, 0xcd, 0x22, 0xfc,
  0xa0, 0x0b, 0xf9, 0xce, 0x0e, 0xdb, 0xd7, 0x06, 0xf0, 0xf2, 0x4a, 0x65,
  0x12, 0xc7, 0x03, 0xda, 0xe9, 0x04, 0x81, 0x2d, 0xec, 0xee, 0x4e, 0xf7,
  0x00, 0x08, 0x47, 0x29, 0x06, 0x57, 0x3e, 0xf1, 0x04, 0x16, 0x46, 0x19,
  0xdf, 0xb2, 0xcf, 0x0d, 0xdf, 0xcf, 0x1f, 0xce, 0xb8, 0x21, 0xeb, 0xfa,
  0xa9, 0x19, 0x37, 0xe5, 0xa9, 0x11, 0xe7, 0xec, 0x06, 0xe2, 0xed, 0xfd,
  0x04, 0xce, 0x04, 0x0c, 0x0e, 0x26, 0xf7, 0x18, 0xd5, 0xd6, 0xfd, 0x4a,
  0x26, 0x54, 0xfa, 0x0c, 0x4e, 0x12, 0x37, 0x46, 0x0c, 0x2f, 0x2d, 0x47,
  0x30, 0xfd, 0x2b, 0x0e, 0x33, 0x2d, 0x66, 0xa4, 0x00, 0xfb, 0xfd, 0x0d,
  0xbc, 0xeb, 0xb6, 0xcf, 0x4b, 0xdf, 0x10, 0x3f, 0x59, 0xd2, 0xf8, 0xd8,
  0xca, 0x40, 0x08, 0x78, 0xe0, 0xeb, 0xe2, 0x2c, 0xd8, 0x27, 0xf1, 0x3a,
  0xe7, 0xe0, 0x12, 0x09, 0xb8, 0xca, 0xe7, 0x27, 0x6f, 0x0e, 0xd9, 0x68,
  0xdd, 0x6a, 0xcc, 0x65, 0xdb, 0xdc, 0x04, 0x20, 0xe5, 0x47, 0x78, 0xdf,
  0x33, 0x44, 0xd0, 0xea, 0x32, 0x07, 0x55, 0x03, 0x63, 0x32, 0xe8, 0xfd,
  0x5e, 0xcc, 0x03, 0x3e, 0x58, 0xaa, 0x35, 0xf5, 0x0b, 0x40, 0x10, 0x1f,
  0xf9, 0xd1, 0x22, 0xba, 0xc3, 0x2c, 0xda, 0x2d, 0x25, 0x17, 0xcd, 0xb8,
  0x1e, 0x1c, 0xd6, 0x3f, 0x23, 0x34, 0x77, 0x1a, 0xff, 0x32, 0x13, 0xf8,
  0x67, 0x99, 0xfc, 0x60, 0x06, 0xda, 0xe1, 0x22, 0x05, 0xfd, 0x2c, 0xd4,
  0x5f, 0xea, 0x2d, 0x22, 0xa8, 0xf4, 0xc5, 0xc7, 0x49, 0x1e, 0x3c, 0x10,
  0xeb, 0x34, 0xeb, 0xd5, 0x08, 0xdf, 0xd4, 0x81, 0x0b, 0xf9, 0x06, 0x88,
  0x29, 0xdd, 0xd8, 0x1a, 0xe5, 0xa2, 0x08, 0xa7, 0x87, 0xbb, 0x81, 0x1d,
  0xab, 0x0a, 0xfa, 0xb8, 0x12, 0x9e, 0xf6, 0xd4, 0x03, 0xc4, 0x11, 0x14,
  0x20, 0x00, 0xf4, 0x03, 0xe2, 0x46, 0x59, 0xa5, 0xbe, 0x0b, 0xd0, 0x15,
  0xcc, 0x07, 0xd3, 0xe9, 0xe1, 0xf6, 0xae, 0xb8, 0x2f, 0x4f, 0x0c, 0x2b,
  0x12, 0x21, 0x2f, 0xc7, 0x2b, 0xec, 0x0d, 0xe1, 0xd7, 0xbb, 0xeb, 0x06,
  0xfa, 0x1a, 0xef, 0x20, 0x5e, 0x2f, 0x0d, 0x27, 0x27, 0x0f, 0xfc, 0x69,
  0x3a, 0xeb, 0x53, 0x15, 0xf5, 0x0c, 0xdc, 0x06, 0xee, 0x5a, 0xde, 0x0b,
  0x07, 0x11, 0x7e, 0xf3, 0x54, 0xc4, 0xd5, 0x31, 0x0a, 0xd3, 0x41, 0x17,
  0xd3, 0xea, 0x1b, 0x11, 0x23, 0xad, 0x3f, 0xba, 0xcb, 0xa4, 0xf5, 0x08,
  0xe7, 0x1e, 0x53, 0x3f, 0xf9, 0xd4, 0xe4, 0xc2, 0xff, 0x1a, 0x15, 0x0b,
  0xf6, 0xfd, 0x5e, 0x54, 0xf7, 0x0a, 0x32, 0x44, 0x22, 0x1c, 0x1a, 0x47,
  0x09, 0xf4, 0x10, 0x48, 0x3a, 0x49, 0xf2, 0x14, 0xb4, 0xde, 0x4d, 0xdc,
  0x45, 0x11, 0xb6, 0xef, 0x06, 0xab, 0xb8, 0x0b, 0xbe, 0xba, 0xf0, 0xf6,
  0x9d, 0x4c, 0x58, 0xec, 0x2f, 0xd7, 0x35, 0x3f, 0x2e, 0xdb, 0x5a, 0x27,
  0xa8, 0xc1, 0xb2, 0x81, 0x34, 0x7d, 0xd4, 0x4d, 0xba, 0x1c, 0xed, 0x1a,
  0x3e, 0x0f, 0x18, 0x55, 0xf6, 0x79, 0x5c, 0x66, 0x3d, 0xed, 0x09, 0xe1,
  0xc4, 0x1d, 0x1a, 0xba, 0x3e, 0xce, 0xa7, 0xb3, 0xde, 0xda, 0xb4, 0x02,
  0xe9, 0x31, 0x19, 0xbd, 0xdc, 0x24, 0xcf, 0xbd, 0xfa, 0x1c, 0x72, 0x20,
  0x14, 0x25, 0x39, 0xeb, 0x6b, 0xc8, 0xe7, 0xea, 0xe0, 0x15, 0xd8, 0xd2,
  0xfd, 0x14, 0xf7, 0xda, 0xe7, 0x76, 0x6c, 0x59, 0x33, 0x4a, 0x19, 0x4a,
  0xe2, 0xc1, 0x21, 0xf7, 0x25, 0xe8, 0x29, 0x43, 0xcd, 0x66, 0x22, 0x52,
  0x55, 0xc4, 0xc6, 0xfc, 0x32, 0xd3, 0xfd, 0x0b, 0xf8, 0x48, 0xd2, 0xad,
  0xc0, 0x3f, 0xfc, 0x4a, 0xf0, 0xba, 0x26, 0x24, 0x51, 0xe6, 0xac, 0x50,
  0xa8, 0x21, 0xb6, 0x0c, 0x2e, 0xd9, 0xa5, 0x21, 0x20, 0xf4, 0xb1, 0x0a,
  0x52, 0x23, 0x46, 0x35, 0xf4, 0x3e, 0x05, 0x14, 0x19, 0xe1, 0xf4, 0x57,
  0x43, 0x11, 0xc3, 0x4d, 0x0c, 0x3f, 0xfd, 0xf7, 0x12, 0x0e, 0xb4, 0x20,
  0x23, 0x2d, 0xef, 0x44, 0xf4, 0x4a, 0xee, 0x5c, 0xf0, 0x28, 0x2b, 0x52,
  0x1d, 0x44, 0xc5, 0x6a, 0x69, 0x46, 0x61, 0xff, 0x18, 0xd7, 0xb0, 0x21,
  0x05, 0xdf, 0x08, 0xe6, 0x2f, 0x51, 0xd8, 0x3d, 0x42, 0xdd, 0x58, 0x31,
  0x3c, 0x00, 0xde, 0xfc, 0xdc, 0xe8, 0x2a, 0x4c, 0x3f, 0xdc, 0xfb, 0x29,
  0x38, 0x0d, 0x1b, 0xd0, 0xf5, 0xe1, 0xe3, 0x48, 0xde, 0x3e, 0x38, 0xe1,
  0xe3, 0xff, 0x02, 0x29, 0xed, 0x1a, 0x04, 0xbd, 0x3c, 0xe2, 0xc8, 0x54,
  0x28, 0xe2, 0x5e, 0x2f, 0xf8, 0x39, 0xfb, 0xf1, 0x21, 0x5e, 0x59, 0x7f,
  0xff, 0xf3, 0xf9, 0x4e, 0x0d, 0x26, 0x39, 0x65, 0x07, 0x36, 0x1e, 0xd6,
  0x45, 0xe6, 0xe8, 0x54, 0xc6, 0xe2, 0x32, 0xfc, 0x37, 0x25, 0xc5, 0x14,
  0x13, 0x1c, 0xf3, 0x43, 0x2d, 0x0d, 0xfd, 0x19, 0xb5, 0xe1, 0xd0, 0x0b,
  0xdb, 0x16, 0x23, 0xf5, 0xdf, 0x33, 0xe2, 0x23, 0xd2, 0xe6, 0xa3, 0x2b,
  0xc7, 0xd3, 0xf0, 0x18, 0xdf, 0x23, 0xd3, 0xeb, 0xb4, 0x25, 0xce, 0xd3,
  0xf9, 0x09, 0xc8, 0x62, 0xf1, 0xef, 0xb7, 0x3b, 0xe1, 0x25, 0x1a, 0xf9,
  0xd1, 0x08, 0xc1, 0x47, 0x23, 0xcf, 0xd2, 0x03, 0x01, 0xe7, 0x81, 0x1b,
  0x23, 0xf5, 0x4f, 0x30, 0x32, 0x50, 0x8a, 0xe7, 0xe9, 0x46, 0x37, 0x0f,
  0x57, 0xde, 0xc5, 0x48, 0x07, 0x1c, 0xdc, 0x31, 0x0d, 0x59, 0xc7, 0x0f,
  0x19, 0x38, 0x00, 0x1e, 0xed, 0x02, 0x61, 0xd9, 0x29, 0x21, 0x18, 0x36,
  0xde, 0xe7, 0x0d, 0x4f, 0x08, 0xd6, 0xd8, 0xf0, 0x40, 0xf0, 0xc7, 0x54,
  0x3c, 0xea, 0x27, 0x5c, 0xf8, 0x45, 0xa8, 0xfc, 0x00, 0xc9, 0x30, 0x14,
  0x52, 0x1e, 0xf2, 0xdd, 0x11, 0x02, 0x4a, 0xf9, 0xfd, 0x16, 0xf5, 0x5d,
  0x32, 0x03, 0xe3, 0xb8, 0x50, 0xe9, 0x43, 0x31, 0xff, 0xe0, 0x2d, 0x49,
  0x57, 0x3c, 0x1c, 0x04, 0x1d, 0xcc, 0x1c, 0x05, 0xa6, 0x4e, 0xf5, 0xd7,
  0xb2, 0xce, 0xed, 0x9c, 0x23, 0x0f, 0x20, 0x31, 0x19, 0xd4, 0xa2, 0x43,
  0x37, 0x41, 0x34, 0xaa, 0xef, 0xd4, 0xf6, 0xc9, 0xfd, 0xff, 0x0c, 0xfe,
  0xa9, 0x53, 0x1a, 0xf9, 0xf2, 0x19, 0xb8, 0x2e, 0xd0, 0xd5, 0x23, 0x05,
  0xd2, 0xf9, 0xa5, 0xd5, 0xc4, 0x1a, 0xfb, 0xf2, 0x0a, 0xe5, 0x2a, 0x07,
  0x47, 0xf6, 0x21, 0x13, 0x4c, 0x62, 0xf8, 0xda, 0x00, 0x48, 0x01, 0x1f,
  0x20, 0x18, 0xb7, 0x03, 0x04, 0xec, 0xd9, 0xcc, 0xbf, 0x10, 0xfe, 0xd7,
  0xc5, 0x30, 0xf6, 0xe9, 0xec, 0xd0, 0x51, 0x09, 0x29, 0xb3, 0xd1, 0x4d,
  0x2e, 0xd1, 0x81, 0xdf, 0x20, 0x11, 0x1f, 0x0f, 0x4c, 0x0c, 0x32, 0x15,
  0xed, 0x67, 0x62, 0x4e, 0xe2, 0xdd, 0x47, 0x16, 0x2c, 0xe6, 0x1c, 0x26,
  0xe1, 0xce, 0x0d, 0xc3, 0x46, 0x14, 0x56, 0x4b, 0x1d, 0x1a, 0xb3, 0xc3,
  0x0b, 0x37, 0x07, 0x17, 0x1a, 0xac, 0xd6, 0x0e, 0x3b, 0x11, 0xbc, 0x00,
  0xc4, 0xe2, 0x96, 0xbb, 0xf8, 0xfd, 0xd7, 0x23, 0xcf, 0xda, 0x21, 0xb4,
  0x30, 0xea, 0xca, 0xd1, 0xd5, 0xb5, 0x1b, 0x13, 0xad, 0x08, 0xd8, 0xa8,
  0x3e, 0x52, 0x4f, 0xee, 0x07, 0x09, 0x3d, 0xe9, 0xc3, 0x2a, 0x70, 0x52,
  0xf1, 0x5e, 0xd7, 0xe1, 0xd3, 0xd5, 0x27, 0xd3, 0xe6, 0xe8, 0xdb, 0xe1,
  0x2d, 0x25, 0xe9, 0xce, 0xe1, 0xfc, 0xff, 0xe5, 0xc9, 0xf1, 0xed, 0x1b,
  0x42, 0x17, 0xed, 0x49, 0x25, 0xf9, 0x2b, 0x12, 0xf4, 0xe4, 0xee, 0xb4,
  0x17, 0x48, 0x3b, 0x46, 0xc5, 0x1d, 0xf9, 0xd0, 0x10, 0x3f, 0x43, 0x7f,
  0x47, 0x1e, 0x3c, 0xf4, 0x0e, 0x6b, 0xc3, 0x02, 0x5c, 0x1a, 0x0d, 0x5e,
  0x3c, 0xfb, 0xc3, 0xfa, 0x2f, 0x35, 0xf8, 0x5d, 0x0c, 0x2d, 0x18, 0xbe,
  0xe9, 0xa8, 0x2f, 0x08, 0xff, 0x15, 0x57, 0xde, 0xc6, 0xa4, 0xdc, 0x24,
  0xeb, 0xec, 0x5f, 0x27, 0x19, 0x57, 0x0b, 0xb9, 0xe9, 0x0c, 0x5f, 0x3b,
  0xe8, 0x3c, 0xf6, 0x34, 0x09, 0x27, 0x0d, 0xe1, 0xfa, 0xda, 0xed, 0x29,
  0x1d, 0x2e, 0x1a, 0xf9, 0x27, 0x02, 0x10, 0xda, 0x2e, 0xaf, 0xf9, 0x1e,
  0x30, 0x49, 0x45, 0x68, 0x45, 0x55, 0x8e, 0x00, 0xe4, 0xfa, 0xd5, 0xfc,
  0xfa, 0x1b, 0x27, 0xb1, 0x13, 0x3a, 0x0a, 0x0e, 0xdc, 0xee, 0x41, 0xc9,
  0xc1, 0x0b, 0x25, 0xdd, 0x07, 0x49, 0x7f, 0xb4, 0x32, 0xec, 0xfa, 0xd4,
  0x2a, 0xe6, 0x19, 0xf6, 0x00, 0xce, 0xd4, 0xdd, 0xd7, 0x0e, 0xbe, 0x53,
  0x68, 0xc8, 0x2b, 0xc7, 0xd2, 0xec, 0xf3, 0x49, 0xde, 0xea, 0x21, 0x06,
  0xe0, 0xcf, 0x55, 0x17, 0x2c, 0xa4, 0x26, 0xff, 0x21, 0xc4, 0xfd, 0x12,
  0x08, 0xd7, 0xbb, 0xdc, 0xfe, 0x12, 0x1f, 0xaa, 0xef, 0x03, 0xf5, 0xbd,
  0x12, 0x29, 0x08, 0xc0, 0xf7, 0x1d, 0xd3, 0x25, 0x29, 0xf5, 0xb6, 0xce,
  0x73, 0xff, 0x63, 0x1f, 0x37, 0x4b, 0xaf, 0xdd, 0x2e, 0xe0, 0xbe, 0x15,
  0x03, 0xc4, 0xe0, 0x19, 0xd7, 0xe6, 0x06, 0x49, 0xdf, 0x1c, 0xc9, 0x05,
  0xb6, 0x0a, 0x3c, 0xe9, 0x41, 0x43, 0x43, 0x33, 0xf9, 0x02, 0x4e, 0xe6,
  0x1f, 0x59, 0xfb, 0xd1, 0xb6, 0x4c, 0xc1, 0x42, 0x15, 0x12, 0xac, 0x10,
  0xf8, 0xd0, 0xee, 0x42, 0xf2, 0x74, 0x1f, 0x11, 0x04, 0x7f, 0xf2, 0x56,
  0x1b, 0xdf, 0xd1, 0x64, 0x49, 0x4e, 0x01, 0x65, 0x34, 0x45, 0x07, 0xd8,
  0x13, 0x0e, 0xef, 0x09, 0x57, 0x1a, 0x0a, 0x34, 0x36, 0x2d, 0x3f, 0x07,
  0x3a, 0xe4, 0x2e, 0x71, 0xe8, 0x21, 0xfd, 0x1a, 0x1b, 0x4c, 0xc5, 0x54,
  0x5d, 0x76, 0x37, 0x66, 0x6b, 0x5c, 0x98, 0x66, 0x4f, 0xff, 0x04, 0x56,
  0x56, 0x61, 0x20, 0x16, 0x0b, 0x57, 0x35, 0x5b, 0x41, 0x21, 0xeb, 0x29,
  0x3c, 0xc5, 0xef, 0x05, 0x2f, 0x17, 0xcc, 0x01, 0xd5, 0xde, 0xf7, 0xe8,
  0x26, 0x45, 0x2a, 0x49, 0xdd, 0x05, 0x33, 0x3e, 0xbc, 0xec, 0x9d, 0xbe,
  0xf4, 0x2c, 0x25, 0xe8, 0xcf, 0xbf, 0xf1, 0xde, 0xdd, 0x2e, 0x07, 0xba,
  0x1d, 0x3b, 0x04, 0xba, 0x26, 0x0e, 0x9b, 0xa3, 0xf9, 0xdb, 0xd4, 0x4a,
  0x38, 0xbb, 0x15, 0xe1, 0xdc, 0xbb, 0x12, 0x2b, 0x19, 0x4a, 0x18, 0xd5,
  0xf1, 0xc0, 0x35, 0xd2, 0xe6, 0x25, 0xee, 0xc3, 0x30, 0x10, 0x45, 0xde,
  0x2d, 0x20, 0xfe, 0xc5, 0xb2, 0xf4, 0x7f, 0x40, 0xc3, 0xf1, 0x0d, 0xc3,
  0xdb, 0x39, 0x37, 0x1c, 0x42, 0xf3, 0x4f, 0xe8, 0xea, 0x3e, 0xe5, 0x5a,
  0xfc, 0x0e, 0xe7, 0xe0, 0xf7, 0x16, 0x36, 0xbf, 0xcb, 0xbf, 0xc0, 0xfa,
  0x53, 0x0d, 0x0a, 0xea, 0xf9, 0xcb, 0x00, 0xce, 0xf8, 0xed, 0x45, 0xe5,
  0xdc, 0x36, 0x9f, 0xf9, 0x2a, 0x04, 0x08, 0x20, 0x34, 0xf1, 0xcd, 0x4c,
  0x3a, 0x09, 0xe7, 0xeb, 0x21, 0x37, 0xd2, 0x0d, 0x1e, 0xe2, 0xd6, 0x38,
  0x0f, 0xef, 0x11, 0x26, 0x16, 0xeb, 0xf5, 0xb0, 0x02, 0xc3, 0x9d, 0xd6,
  0xe5, 0xb7, 0xe4, 0x46, 0xd5, 0xfe, 0x2d, 0xb4, 0x46, 0xbc, 0xcb, 0xda,
  0x21, 0x35, 0xff, 0xec, 0x12, 0x09, 0x24, 0xbe, 0xf5, 0xce, 0x25, 0x09,
  0x2e, 0xbd, 0x19, 0x53, 0x51, 0x31, 0x39, 0x5a, 0x4a, 0x3d, 0x32, 0x30,
  0xf4, 0x2c, 0xe8, 0xfc, 0xe7, 0xea, 0xc6, 0xf5, 0x50, 0xea, 0xf1, 0x11,
  0x16, 0x4c, 0x44, 0xc3, 0x9f, 0xe0, 0xfd, 0x53, 0x07, 0x0b, 0x38, 0xc6,
  0xfe, 0xc4, 0xf4, 0x4c, 0x17, 0x21, 0x98, 0xb4, 0x10, 0xd9, 0x91, 0x99,
  0x1b, 0x06, 0xc9, 0x98, 0x39, 0x44, 0x46, 0x84, 0xa9, 0x27, 0x22, 0x02,
  0x9d, 0x34, 0xd9, 0xaf, 0xdf, 0x42, 0xd5, 0xd3, 0xdf, 0xc4, 0xe7, 0x5b,
  0xd5, 0xa5, 0x37, 0xc4, 0x54, 0x35, 0x98, 0x6d, 0xb5, 0xf4, 0x7f, 0x8e,
  0xf4, 0x8a, 0xd6, 0x1f, 0xc9, 0x3f, 0xc9, 0xa3, 0x0d, 0x32, 0x3a, 0xcb,
  0xd2, 0x96, 0xe6, 0xd1, 0x8f, 0x03, 0x39, 0xda, 0x29, 0xd5, 0x25, 0xf8,
  0x9f, 0x21, 0xcd, 0x0f, 0x2a, 0xa8, 0xf0, 0x41, 0x4b, 0xc9, 0xea, 0xc9,
  0xe1, 0xaf, 0x58, 0xd1, 0x12, 0xd4, 0x57, 0x24, 0x3e, 0x10, 0x32, 0xd4,
  0xa6, 0xe0, 0x92, 0x08, 0x19, 0xf9, 0x85, 0x13, 0xe1, 0x98, 0xc4, 0x5e,
  0x85, 0x2e, 0x7a, 0x34, 0xfb, 0xc4, 0xe8, 0x87, 0xdc, 0x98, 0xe3, 0xdd,
  0x0c, 0xe1, 0xb6, 0x20, 0x2f, 0x98, 0x5f, 0xf8, 0x41, 0xb9, 0x3f, 0x4b,
  0xf2, 0x34, 0x02, 0x1c, 0x27, 0xdf, 0xc4, 0x0d, 0xf7, 0x36, 0x14, 0x68,
  0x3a, 0x65, 0x77, 0x59, 0xf1, 0x5d, 0x1a, 0x13, 0x34, 0x10, 0x33, 0x7f,
  0xea, 0xaa, 0xa9, 0xfd, 0x53, 0xea, 0x50, 0x67, 0x0b, 0x44, 0x30, 0xe6,
  0x0c, 0xca, 0xc9, 0x61, 0xa6, 0xe6, 0x18, 0x9a, 0xf2, 0xb1, 0x00, 0xb9,
  0x49, 0x14, 0x07, 0xf6, 0xbf, 0xdb, 0x86, 0xd5, 0xec, 0x15, 0x56, 0x43,
  0xfd, 0x1e, 0x03, 0xf7, 0x2e, 0x65, 0xec, 0xd5, 0x38, 0xe5, 0xe3, 0xa1,
  0x69, 0xf0, 0xf6, 0x08, 0x15, 0x06, 0x41, 0x59, 0xff, 0x58, 0x2c, 0x1d,
  0x47, 0x53, 0x58, 0xc1, 0x40, 0x5c, 0xbe, 0xf1, 0xf1, 0x42, 0xda, 0xea,
  0x53, 0xfa, 0x09, 0x08, 0x63, 0x61, 0xf7, 0x3e, 0xe0, 0x1c, 0xf2, 0xdb,
  0x11, 0xde, 0xf2, 0x95, 0x04, 0xfc, 0x2d, 0x64, 0xe2, 0x19, 0x4c, 0x88,
  0xf9, 0xe9, 0x12, 0xd0, 0x05, 0x6a, 0xad, 0x1d, 0xc1, 0x15, 0x20, 0x67,
  0x2d, 0xf4, 0x34, 0x27, 0xd2, 0xe6, 0x23, 0x4e, 0x27, 0xd0, 0xcb, 0xa7,
  0xf0, 0xc1, 0xed, 0x28, 0x17, 0xda, 0x1d, 0xdf, 0x13, 0x69, 0x14, 0xfe,
  0xf6, 0x76, 0xf5, 0x05, 0x02, 0x28, 0xca, 0x72, 0xe1, 0x5c, 0x7f, 0xb7,
  0x1f, 0x20, 0x3c, 0x2b, 0x23, 0x18, 0x1c, 0x43, 0xdd, 0x1a, 0x14, 0x91,
  0xf5, 0xfb, 0xaa, 0x67, 0x08, 0xef, 0x08, 0x18, 0x31, 0x06, 0x04, 0xfd,
  0x14, 0xb6, 0x20, 0xb5, 0xf1, 0xd4, 0x34, 0xfc, 0xed, 0x60, 0x47, 0x05,
  0x33, 0xf5, 0xb2, 0x46, 0xce, 0x51, 0x78, 0x72, 0xc0, 0x62, 0x18, 0x8d,
  0x49, 0x57, 0x26, 0x7c, 0xe0, 0x0e, 0xd1, 0xe8, 0x1d, 0x38, 0x4a, 0xe4,
  0x5e, 0x0d, 0xde, 0x28, 0x6c, 0xf4, 0xdc, 0x08, 0x60, 0xe9, 0x3a, 0x75,
  0x13, 0xfa, 0x32, 0xab, 0x01, 0xc8, 0x21, 0x3b, 0x43, 0x42, 0x4d, 0xf7,
  0xf0, 0x11, 0xe7, 0x93, 0x1b, 0xf8, 0x58, 0xa3, 0xfe, 0x53, 0xf3, 0x1c,
  0x0a, 0x37, 0x0b, 0x32, 0x2d, 0x3e, 0x2b, 0xec, 0xd2, 0xe5, 0xa6, 0xe7,
  0x29, 0xd6, 0x2d, 0xaa, 0xf3, 0xe9, 0x08, 0xc5, 0x18, 0xdd, 0x3c, 0xfc,
  0x36, 0x07, 0xe0, 0x2c, 0x05, 0xe0, 0x49, 0x2f, 0x02, 0x51, 0x59, 0xaf,
  0x25, 0xd9, 0xb4, 0x24, 0x41, 0x0c, 0xde, 0xed, 0x38, 0x0f, 0xae, 0x43,
  0xad, 0xd7, 0xb3, 0xcd, 0x38, 0xb7, 0xf2, 0x33, 0xc1, 0x07, 0xde, 0x42,
  0xe7, 0xd9, 0x1b, 0x0c, 0x32, 0xe6, 0xfb, 0xf7, 0xf4, 0xc0, 0x22, 0xcb,
  0xc3, 0x0c, 0xcf, 0xe4, 0xe1, 0x4d, 0x37, 0x62, 0x11, 0x14, 0xd4, 0x4a,
  0x0c, 0x61, 0x16, 0xcd, 0xaf, 0x48, 0x1d, 0xcb, 0xb8, 0x7f, 0xc0, 0xe7,
  0x4b, 0x17, 0x04, 0xd0, 0x50, 0x08, 0x18, 0x38, 0xe0, 0x64, 0xda, 0x2d,
  0x4c, 0x3c, 0xb5, 0xd2, 0x1b, 0xfb, 0xc2, 0xf2, 0xcb, 0xe4, 0xe0, 0x76,
  0x1d, 0x29, 0xb7, 0xf7, 0xd6, 0x24, 0x21, 0xd2, 0x1c, 0xf5, 0xd0, 0x11,
  0x4e, 0x4c, 0x65, 0x48, 0x20, 0x4f, 0x84, 0x52, 0x1c, 0x68, 0xf7, 0x47,
  0x7b, 0xd8, 0xb6, 0x64, 0x6f, 0x7b, 0xed, 0xf8, 0xd7, 0x57, 0xa0, 0x0b,
  0x00, 0x7a, 0x08, 0xe2, 0x21, 0xc1, 0xb0, 0xbf, 0x58, 0x49, 0xef, 0x43,
  0x54, 0x1d, 0x2b, 0xd6, 0xac, 0x34, 0xef, 0xc5, 0x01, 0xf9, 0x06, 0xfb,
  0xfb, 0x2f, 0x02, 0x00, 0xd1, 0x4a, 0xeb, 0xde, 0x68, 0x20, 0x1e, 0xbb,
  0x03, 0xca, 0xec, 0xfe, 0xea, 0xda, 0x49, 0x07, 0xf6, 0x33, 0x81, 0xe9,
  0x5b, 0x53, 0xf4, 0x66, 0xca, 0xc7, 0x8d, 0xd5, 0x43, 0xec, 0xd3, 0xfe,
  0x02, 0xf7, 0x18, 0xc3, 0x2d, 0xe0, 0x04, 0x38, 0xe1, 0xf0, 0x34, 0x04,
  0x02, 0x05, 0xee, 0x92, 0x0d, 0xf1, 0x38, 0xf3, 0x9e, 0xdd, 0x64, 0x21,
  0x0b, 0x00, 0x15, 0xd4, 0x0d, 0xb9, 0x3b, 0xd8, 0x27, 0x56, 0x21, 0x06,
  0xe8, 0xa5, 0x54, 0x1e, 0xfc, 0x01, 0xbb, 0x3f, 0x14, 0x40, 0x35, 0x30,
  0xe6, 0x30, 0x09, 0x30, 0xc4, 0xc7, 0x52, 0xd5, 0xe7, 0x1c, 0xe5, 0xfd,
  0x17, 0x2a, 0xd6, 0x48, 0xb1, 0xe9, 0x4c, 0xdc, 0x2f, 0xe2, 0xc2, 0x3a,
  0xec, 0xb0, 0x22, 0xba, 0xee, 0xe3, 0xd1, 0x1b, 0xfe, 0xbc, 0x15, 0x0b,
  0xf4, 0xe9, 0xb9, 0x33, 0x2e, 0x44, 0x07, 0x5e, 0xdd, 0x56, 0x30, 0x1e,
  0x01, 0x58, 0x2a, 0x73, 0xcf, 0x5c, 0x39, 0x2d, 0x07, 0xe7, 0x8a, 0x4c,
  0x09, 0x11, 0xfe, 0xf2, 0xf3, 0xdb, 0xd0, 0xc9, 0xdb, 0x5f, 0x0d, 0x07,
  0x52, 0xc4, 0xf3, 0x3e, 0x02, 0x1e, 0x44, 0xfc, 0x50, 0x27, 0x2b, 0xba,
  0xe7, 0x04, 0x1a, 0x2b, 0x01, 0xca, 0xd8, 0x26, 0xf5, 0x59, 0xc7, 0x3c,
  0x18, 0x1a, 0xef, 0x21, 0x2c, 0x15, 0x6c, 0x45, 0x05, 0xe8, 0xc0, 0xed,
  0xeb, 0x00, 0xda, 0xfa, 0xe0, 0x24, 0xfe, 0xca, 0x07, 0x0a, 0x38, 0xcb,
  0x3e, 0xc7, 0xd8, 0x55, 0x44, 0xf6, 0x1a, 0x4e, 0xec, 0xf9, 0xb3, 0xe9,
  0x13, 0xb1, 0x0b, 0x23, 0x0a, 0x30, 0x1e, 0x2f, 0x3a, 0x19, 0xf9, 0x37,
  0xe7, 0xf0, 0x12, 0xff, 0x32, 0xd1, 0xe2, 0xa5, 0x21, 0x92, 0x81, 0x19,
  0x12, 0xac, 0xe6, 0xc6, 0x2e, 0xcc, 0xa9, 0xd1, 0xe4, 0xd6, 0x94, 0x06,
  0x0c, 0xa8, 0xd4, 0x1f, 0x4e, 0xc2, 0xe0, 0xfb, 0xd5, 0x14, 0xed, 0x56,
  0xd0, 0xa6, 0x11, 0xb6, 0x4a, 0x5a, 0x4f, 0x03, 0x00, 0x34, 0xff, 0x15,
  0x44, 0x3c, 0x10, 0x5a, 0xdb, 0x12, 0xfa, 0xf8, 0xc5, 0xb9, 0x15, 0xe2,
  0xc2, 0xe9, 0xbb, 0x10, 0x02, 0x81, 0xed, 0xfc, 0xf0, 0xf2, 0xbf, 0x9a,
  0xc4, 0xb5, 0xfa, 0xad, 0x9a, 0xb2, 0xa7, 0xa3, 0xfa, 0x8a, 0x32, 0xb4,
  0xa3, 0xbb, 0x1a, 0xe1, 0xbc, 0xe1, 0xab, 0xb0, 0xda, 0xfa, 0xf2, 0x05,
  0xb3, 0x08, 0x28, 0xdd, 0xa2, 0xaf, 0x14, 0xc5, 0xdf, 0xdb, 0xb4, 0x12,
  0x9d, 0xde, 0x14, 0x97, 0xe6, 0xd4, 0x44, 0xc7, 0x30, 0xc3, 0xf2, 0x0c,
  0xab, 0x97, 0xe7, 0xfc, 0xdd, 0x9d, 0xc5, 0x22, 0xc9, 0xad, 0x3f, 0xb4,
  0xf9, 0x0b, 0x98, 0xf1, 0x96, 0xb9, 0x04, 0xf7, 0xd0, 0xaf, 0x9f, 0xda,
  0xc4, 0x22, 0xba, 0xe8, 0xc1, 0xbf, 0xe6, 0xb7, 0xed, 0xe5, 0xd4, 0xf2,
  0xa7, 0xfc, 0x32, 0x30, 0xe2, 0xc5, 0x37, 0xf1, 0xed, 0x39, 0xc8, 0xfb,
  0x1f, 0xbd, 0xbf, 0x1a, 0xe4, 0x21, 0x96, 0xe3, 0x9d, 0xc1, 0xd8, 0xa5,
  0xd6, 0xdf, 0xfd, 0x00, 0xc8, 0x8c, 0x38, 0xb8, 0x32, 0xbb, 0x9b, 0xe5,
  0x9c, 0xe5, 0xcc, 0xf0, 0x90, 0xe3, 0x3e, 0xaa, 0x19, 0xde, 0x19, 0xf0,
  0xfb, 0xa1, 0xae, 0xd4, 0xee, 0xcf, 0xba, 0x91, 0x14, 0x0c, 0xea, 0x3b,
  0x2a, 0xe5, 0xad, 0x9c, 0xbc, 0x2a, 0xef, 0x1f, 0xfb, 0x25, 0x69, 0xd0,
  0xcd, 0x25, 0x1a, 0x12, 0x2d, 0xe0, 0x07, 0x23, 0xdd, 0xc8, 0xcd, 0x0c,
  0x19, 0x24, 0x3a, 0xe9, 0x19, 0x26, 0xf6, 0xad, 0x14, 0x1d, 0xce, 0x22,
  0xc4, 0xc7, 0x11, 0x40, 0x02, 0x23, 0x9d, 0x11, 0x4c, 0xe4, 0x1f, 0xf4,
  0xd8, 0xe3, 0xba, 0xc8, 0x0e, 0x47, 0xf9, 0x35, 0xd3, 0x33, 0xb6, 0xb4,
  0x3f, 0xd8, 0xa6, 0x44, 0xc2, 0xe2, 0xe4, 0x93, 0xc4, 0xff, 0xd4, 0x06,
  0xd4, 0xe9, 0x2d, 0xfb, 0xac, 0xe4, 0x08, 0x36, 0x12, 0xf9, 0x7f, 0xe0,
  0x0e, 0x10, 0xd7, 0xd4, 0x00, 0xb5, 0x16, 0x41, 0x37, 0x08, 0x4d, 0xf2,
  0x53, 0x25, 0x2f, 0x39, 0x4b, 0x31, 0x3a, 0x3c, 0x12, 0xc1, 0x22, 0x16,
  0xec, 0x2a, 0x38, 0xd5, 0x4b, 0x28, 0xac, 0xf7, 0xe5, 0x2c, 0xde, 0xfc,
  0x4c, 0x47, 0x8f, 0xb1, 0x46, 0x44, 0x40, 0x00, 0xe9, 0xf7, 0x9b, 0xfa,
  0x3f, 0xc7, 0x78, 0x59, 0x4d, 0x5e, 0xee, 0xd6, 0xdc, 0xf3, 0x12, 0x5e,
  0x3a, 0x01, 0x99, 0x5e, 0xe8, 0x52, 0xd1, 0x66, 0x75, 0x14, 0xea, 0x9b,
  0xf9, 0x3a, 0xbe, 0x39, 0x4d, 0x22, 0xcb, 0xc7, 0xcd, 0x11, 0x37, 0x20,
  0xf8, 0xcc, 0xb7, 0xf5, 0xf2, 0xcf, 0x34, 0xe0, 0xd4, 0x22, 0x98, 0xd7,
  0x2f, 0x73, 0xcd, 0x64, 0x31, 0xb7, 0x81, 0x49, 0x6c, 0x23, 0xea, 0x05,
  0xc7, 0xf4, 0x62, 0x1c, 0xeb, 0x39, 0x00, 0x5c, 0x41, 0xec, 0x19, 0x0a,
  0x59, 0x0f, 0x43, 0x9e, 0x0a, 0x5f, 0x39, 0x0a, 0x01, 0x29, 0x27, 0x5e,
  0x6d, 0x09, 0xce, 0x11, 0x27, 0xd3, 0xc7, 0xce, 0x23, 0x14, 0xb4, 0x18,
  0xde, 0x30, 0x4c, 0x00, 0xa4, 0xb5, 0xa1, 0xfa, 0xb2, 0x1f, 0xe8, 0xcd,
  0xe5, 0xc1, 0x21, 0x37, 0xb2, 0xd4, 0xde, 0xad, 0x3d, 0xf5, 0xe5, 0xed,
  0x36, 0xb6, 0xd0, 0x35, 0x09, 0xfb, 0x48, 0xd7, 0xce, 0x37, 0x34, 0xdc,
  0x2a, 0x3a, 0x1d, 0x60, 0x4e, 0xc2, 0x74, 0xfa, 0xea, 0xc7, 0x94, 0xf0,
  0x06, 0x09, 0xdd, 0x3d, 0x0c, 0x22, 0x9f, 0x2d, 0x17, 0xf8, 0x0e, 0x2b,
  0xd7, 0xd2, 0xf3, 0xca, 0x14, 0xb1, 0xf4, 0xf6, 0x35, 0x09, 0x1e, 0x14,
  0x90, 0x2f, 0xad, 0x0f, 0xaf, 0x18, 0x1f, 0xf3, 0xd9, 0xcd, 0xb1, 0x04,
  0x24, 0xd5, 0x31, 0xd0, 0xe7, 0x44, 0x3a, 0x2c, 0xf1, 0x71, 0x7f, 0x62,
  0x3e, 0x24, 0x54, 0x57, 0x10, 0x4a, 0x1f, 0xd9, 0xf0, 0xde, 0x6d, 0xb9,
  0x5b, 0x6f, 0x28, 0xf0, 0xfe, 0x04, 0x29, 0xe9, 0x5e, 0x12, 0xe5, 0xfe,
  0x2c, 0xe9, 0x10, 0xec, 0x29, 0x27, 0x0a, 0xfb, 0x5c, 0x5b, 0x67, 0x1d,
  0x50, 0x3e, 0x41, 0xc6, 0x05, 0xd2, 0xdb, 0x13, 0x04, 0xcc, 0xbd, 0x3b,
  0xcd, 0xfd, 0xca, 0x2e, 0xd6, 0x05, 0xfd, 0x29, 0xd5, 0x32, 0xc8, 0x38,
  0xd9, 0x61, 0x4a, 0xe9, 0x4a, 0x5b, 0x38, 0x3c, 0xf2, 0x25, 0xca, 0x30,
  0xd3, 0x2e, 0x08, 0xfd, 0x36, 0xf9, 0x6e, 0x5e, 0x43, 0x6a, 0x31, 0x63,
  0xe6, 0x1d, 0x26, 0x4b, 0xe6, 0xd8, 0xf3, 0xc9, 0xd2, 0xed, 0x8c, 0xdf,
  0x23, 0x48, 0xe8, 0x2f, 0x0f, 0x24, 0x93, 0x2d, 0x0c, 0xd4, 0x3f, 0x01,
  0xea, 0x2f, 0x01, 0x25, 0x2b, 0x2c, 0xb8, 0x2c, 0x12, 0xca, 0x45, 0x2e,
  0xfa, 0xc9, 0x4c, 0x93, 0xdc, 0x11, 0xd1, 0xd1, 0xf2, 0x06, 0x24, 0xe8,
  0xde, 0xcd, 0xe2, 0x41, 0x27, 0xfc, 0x08, 0x05, 0x56, 0x4b, 0xe7, 0xe1,
  0x38, 0x4f, 0xe3, 0xfb, 0x3b, 0x64, 0x81, 0x57, 0x71, 0xf4, 0x0c, 0x42,
  0xd3, 0x69, 0x2f, 0x32, 0x12, 0xd2, 0x45, 0x2b, 0x55, 0x12, 0x0e, 0xd4,
  0x0f, 0xda, 0x1e, 0x48, 0xf8, 0x14, 0x09, 0xe1, 0xfd, 0x35, 0x42, 0xda,
  0x06, 0xfa, 0x79, 0x0e, 0x49, 0x31, 0x07, 0x4d, 0x0d, 0xf3, 0x4d, 0x17,
  0x53, 0x13, 0x00, 0xf7, 0x40, 0xf3, 0xf8, 0x73, 0x0e, 0xcc, 0x26, 0x02,
  0xd1, 0x67, 0x45, 0x0f, 0x15, 0xfe, 0xb8, 0xe1, 0xe0, 0x28, 0x6a, 0x21,
  0x38, 0xc7, 0x44, 0xaa, 0x4a, 0x16, 0x04, 0xd7, 0xdf, 0x1b, 0x3f, 0xe7,
  0xf6, 0x35, 0x4f, 0x47, 0x0a, 0x17, 0x17, 0xe3, 0x4a, 0xb9, 0xf7, 0xf5,
  0xfa, 0x5c, 0xdb, 0x38, 0xf5, 0x18, 0xaf, 0x07, 0xd3, 0xba, 0x48, 0xdc,
  0x53, 0xcf, 0x11, 0xfb, 0xeb, 0x01, 0xe6, 0x1c, 0x00, 0x28, 0x4e, 0x72,
  0xe9, 0xe4, 0xc8, 0xc2, 0xda, 0x24, 0x20, 0x22, 0x55, 0xfe, 0x26, 0x67,
  0x4f, 0x5b, 0x7f, 0x1d, 0x3e, 0x5f, 0x57, 0xd7, 0x10, 0x30, 0xf8, 0xb7,
  0x4a, 0x43, 0xd3, 0xf0, 0x3c, 0xfc, 0x2a, 0x4f, 0xfe, 0x49, 0xda, 0xdc,
  0xdf, 0xcc, 0xc2, 0xa7, 0x33, 0xc5, 0x1b, 0xb1, 0x13, 0x45, 0x14, 0x58,
  0xc1, 0x9e, 0xda, 0xe4, 0x07, 0xb7, 0xf4, 0x24, 0x64, 0x75, 0xe9, 0xcb,
  0x50, 0x48, 0x2d, 0x2c, 0x5d, 0x38, 0x5c, 0x5b, 0x02, 0xfa, 0x30, 0xff,
  0x33, 0x52, 0x31, 0xda, 0x29, 0x1b, 0xe2, 0x59, 0xdb, 0xda, 0x3c, 0xbc,
  0x18, 0x09, 0x3d, 0x2d, 0xc5, 0xec, 0x06, 0x08, 0x46, 0x14, 0x47, 0xc9,
  0xf9, 0x29, 0xba, 0xc8, 0x04, 0xa4, 0x43, 0x5d, 0xda, 0xe3, 0x1b, 0x1e,
  0x21, 0x60, 0x6d, 0x20, 0x3a, 0x74, 0x61, 0x2e, 0xfe, 0x2b, 0x1a, 0xeb,
  0xa9, 0xa4, 0xd6, 0xfa, 0x0f, 0x0e, 0x44, 0xbc, 0x89, 0x23, 0xda, 0xec,
  0x13, 0x40, 0x06, 0x04, 0x81, 0xa3, 0x37, 0xa5, 0xf2, 0x31, 0x4d, 0xc5,
  0xb3, 0xcd, 0x18, 0x4a, 0xf6, 0x1b, 0xf7, 0xef, 0x28, 0x42, 0xe1, 0x3f,
  0x31, 0x18, 0xf8, 0xb6, 0xc5, 0x53, 0xe5, 0x06, 0xcf, 0x10, 0x76, 0xb1,
  0xdf, 0x98, 0x17, 0x04, 0x2a, 0xfd, 0x2c, 0xea, 0x90, 0x45, 0xf3, 0xc0,
  0x17, 0x46, 0x1d, 0x08, 0x0d, 0xcf, 0xe8, 0xdf, 0x33, 0xe7, 0x47, 0xd1,
  0xa7, 0xf2, 0xe6, 0x25, 0xf0, 0xbe, 0x20, 0xd4, 0x32, 0xd4, 0x15, 0x0f,
  0x15, 0x5e, 0xe2, 0xe2, 0x2e, 0x31, 0x28, 0x5b, 0xc7, 0xe2, 0x32, 0xc2,
  0xe2, 0x0e, 0x3c, 0x2e, 0x32, 0xff, 0xff, 0x43, 0xb9, 0x4f, 0xc9, 0x01,
  0xf8, 0xbd, 0x5a, 0xed, 0xd6, 0xf4, 0xfd, 0x48, 0x00, 0x24, 0x0f, 0xcb,
  0x00, 0x2c, 0xe9, 0xd0, 0x34, 0xc0, 0xf4, 0xfc, 0x5d, 0xd1, 0x0e, 0x2e,
  0x52, 0x10, 0xcb, 0x0e, 0xcf, 0x39, 0x33, 0x14, 0x11, 0xfd, 0xd3, 0x40,
  0x08, 0x46, 0x0a, 0x41, 0x04, 0xe0, 0xa4, 0x4a, 0xcc, 0x35, 0x04, 0x0d,
  0xd1, 0xb8, 0x2d, 0x3b, 0x40, 0xe1, 0x58, 0x07, 0xe6, 0x26, 0xd6, 0x4c,
  0x12, 0x04, 0x11, 0x25, 0x13, 0x24, 0xb8, 0xec, 0xf8, 0xd3, 0xe5, 0x52,
  0x3f, 0xe0, 0x2f, 0xe0, 0xb8, 0xf2, 0x27, 0x21, 0xe6, 0x3d, 0x43, 0xf7,
  0xfc, 0xd7, 0xd4, 0x1a, 0xff, 0x4a, 0x41, 0x22, 0xe1, 0xc2, 0x2e, 0xda,
  0x05, 0x0e, 0xb9, 0xe6, 0x24, 0x1b, 0x31, 0x5c, 0x55, 0x22, 0xc5, 0x13,
  0xe7, 0x0f, 0x3b, 0x4f, 0x2b, 0x1a, 0xe7, 0x31, 0x10, 0x41, 0x05, 0xdf,
  0x4d, 0x4d, 0x3c, 0x13, 0xca, 0x0d, 0x0c, 0x47, 0x1e, 0xe3, 0x0e, 0xdf,
  0x42, 0x5c, 0x62, 0x1f, 0xf3, 0x4f, 0x58, 0x6d, 0x12, 0x1f, 0x4e, 0x7f,
  0xe6, 0x97, 0xac, 0x32, 0x52, 0x3d, 0x20, 0x4e, 0x09, 0x5c, 0x99, 0x00,
  0xd6, 0x44, 0x34, 0x35, 0xcf, 0xbd, 0x11, 0xb9, 0x3a, 0xfc, 0xbd, 0x21,
  0xad, 0xbf, 0xc5, 0xd4, 0xb2, 0x9e, 0xa7, 0xc6, 0x5b, 0x57, 0x1d, 0x34,
  0xe6, 0x67, 0x0c, 0xf0, 0x2f, 0x63, 0x42, 0xfa, 0x51, 0x2c, 0x1b, 0x16,
  0x47, 0x4e, 0x7f, 0xfb, 0xd3, 0x5d, 0xdb, 0x19, 0x1c, 0xff, 0x1b, 0x6e,
  0xef, 0xe1, 0x25, 0x14, 0x0e, 0x47, 0x78, 0x46, 0xcc, 0x4d, 0xc6, 0xe1,
  0xfd, 0x4f, 0x73, 0x08, 0x05, 0x16, 0x67, 0x12, 0xdf, 0xd3, 0x19, 0x16,
  0x15, 0x39, 0x45, 0xd2, 0x0e, 0xda, 0x28, 0x4f, 0xe3, 0x3e, 0xf6, 0x45,
  0x00, 0x41, 0x33, 0xaf, 0x21, 0xd3, 0x29, 0xcb, 0xf7, 0xd5, 0x41, 0xb3,
  0xf9, 0xb7, 0xd2, 0xbb, 0xc2, 0x34, 0x51, 0xbd, 0xb9, 0x37, 0x99, 0x1a,
  0x1e, 0xc9, 0x1a, 0xf1, 0x9f, 0xbd, 0x34, 0xe6, 0xdf, 0xef, 0x26, 0xfc,
  0xdd, 0x30, 0x36, 0xe5, 0x06, 0x41, 0x04, 0xea, 0x1e, 0xf3, 0xf5, 0x51,
  0x05, 0x1d, 0x15, 0xb8, 0xc7, 0x18, 0xcd, 0xb0, 0x35, 0x10, 0x3d, 0xc9,
  0xf3, 0xc0, 0xf8, 0xcd, 0xf9, 0x24, 0x73, 0x13, 0x28, 0xd3, 0x05, 0x12,
  0x3a, 0xf4, 0x0d, 0x26, 0xc7, 0x17, 0xe7, 0x09, 0xd2, 0x03, 0xdb, 0xf9,
  0x1b, 0x49, 0x3c, 0xa7, 0xc5, 0xff, 0x5b, 0xfa, 0xf5, 0x1d, 0xd2, 0x31,
  0x4f, 0x4a, 0xce, 0x44, 0x0f, 0x5d, 0x0d, 0x4b, 0x09, 0x42, 0xdb, 0x16,
  0x32, 0x2e, 0xe6, 0xde, 0x26, 0xce, 0xc1, 0xdb, 0xb0, 0x54, 0x38, 0x09,
  0xee, 0xc1, 0xe1, 0x12, 0x39, 0x13, 0x3e, 0x34, 0xc5, 0x9b, 0x91, 0xda,
  0x49, 0x38, 0xe8, 0x6a, 0x30, 0x3b, 0xf6, 0x17, 0x05, 0x0d, 0x17, 0x7f,
  0x53, 0xfc, 0x18, 0xe7, 0x08, 0x03, 0x21, 0xf0, 0x39, 0x1d, 0xe9, 0x1a,
  0x3e, 0xb4, 0xd6, 0x0a, 0xfa, 0xfc, 0x19, 0xba, 0x05, 0xd5, 0xda, 0xe4,
  0x1b, 0xc1, 0xfc, 0x27, 0xbc, 0x8e, 0xcc, 0x23, 0xdc, 0xf4, 0x05, 0xcf,
  0x72, 0x67, 0x23, 0x79, 0x05, 0x6d, 0xb8, 0xcd, 0x61, 0xf9, 0x3c, 0x47,
  0x1f, 0xf3, 0xd3, 0x2f, 0x3d, 0xd9, 0xcc, 0xeb, 0xa0, 0xda, 0x19, 0xb5,
  0xb0, 0xf7, 0xcb, 0xb4, 0xb0, 0x1e, 0xce, 0xdc, 0xbc, 0xaa, 0xbf, 0x29,
  0xbe, 0x01, 0xff, 0x3a, 0xfb, 0x10, 0xf6, 0xd7, 0x59, 0x22, 0xcc, 0x5a,
  0xf5, 0x0a, 0x2d, 0xea, 0x71, 0x61, 0xf8, 0xab, 0x53, 0x25, 0x0c, 0xe0,
  0x30, 0xa7, 0xa2, 0x73, 0x0b, 0x32, 0x2e, 0x53, 0xe6, 0x1f, 0x9d, 0x94,
  0x1a, 0x21, 0xb5, 0xf8, 0x0d, 0xd5, 0x81, 0xf6, 0xfa, 0xee, 0x4c, 0x33,
  0x0b, 0xf7, 0x93, 0xed, 0xf2, 0xd7, 0xa9, 0x0a, 0x51, 0x57, 0xd4, 0x61,
  0xd9, 0x21, 0xf0, 0x28, 0x40, 0x5e, 0xf2, 0x22, 0x54, 0x5f, 0x5c, 0xb9,
  0x52, 0x45, 0xea, 0x68, 0x23, 0x64, 0x6e, 0x44, 0xd2, 0x1f, 0x13, 0xf9,
  0x27, 0x2e, 0x51, 0xcb, 0xde, 0x4b, 0xd2, 0x36, 0x0d, 0x3d, 0x61, 0x3e,
  0x5f, 0x46, 0xf0, 0x2e, 0x70, 0xcf, 0xd4, 0x2f, 0xc0, 0xa3, 0xc7, 0xf5,
  0xda, 0x12, 0xb8, 0xe0, 0xfa, 0xd7, 0xd0, 0xb1, 0xaf, 0x2b, 0xca, 0xb1,
  0xc4, 0xf4, 0xf4, 0x3a, 0x58, 0x06, 0xac, 0xf1, 0x19, 0x37, 0x05, 0x26,
  0xf7, 0xe2, 0x07, 0xa9, 0x45, 0x23, 0x2c, 0xff, 0x16, 0x0c, 0xe0, 0xee,
  0x31, 0x51, 0x66, 0x2e, 0xd2, 0xe0, 0x62, 0xfc, 0x58, 0x24, 0xc1, 0x52,
  0x41, 0xf3, 0x5d, 0xfa, 0x77, 0x07, 0xc7, 0x95, 0xd6, 0x5b, 0x1c, 0x0f,
  0xc1, 0xcc, 0xc2, 0x11, 0xd8, 0x2e, 0xcc, 0x03, 0x54, 0xb2, 0x5e, 0xca,
  0xc9, 0x41, 0x03, 0x47, 0xcc, 0xd4, 0xfc, 0x19, 0x0d, 0xe9, 0x9a, 0xf2,
  0x09, 0xcb, 0x0e, 0x32, 0x4c, 0x8c, 0xb3, 0xa6, 0x45, 0x78, 0x65, 0x4b,
  0xd6, 0x66, 0x61, 0xf3, 0xe4, 0xf9, 0x4a, 0x39, 0xcb, 0xd5, 0x58, 0xb2,
  0x1f, 0x31, 0x05, 0x7c, 0x47, 0x0c, 0x1d, 0xcd, 0xfe, 0xd7, 0x2e, 0x08,
  0x3c, 0x19, 0x07, 0x06, 0x18, 0x18, 0x13, 0xf1, 0xcc, 0xfe, 0xd0, 0x0b,
  0x03, 0x3d, 0x2b, 0xac, 0xe3, 0x1f, 0x99, 0xbb, 0xca, 0x88, 0x58, 0xd2,
  0xf5, 0xc5, 0xa4, 0x37, 0xab, 0xdf, 0x64, 0xa2, 0xb5, 0xf9, 0xcb, 0xf2,
  0x36, 0x3c, 0x7f, 0x15, 0x39, 0x40, 0xea, 0x3d, 0xda, 0xeb, 0x7d, 0xdd,
  0x3b, 0xdb, 0xf1, 0x9b, 0x1b, 0x29, 0xf8, 0x23, 0x22, 0x5a, 0x17, 0xb1,
  0xe5, 0xc0, 0x48, 0x5f, 0x5c, 0xe7, 0x29, 0x4d, 0x82, 0xea, 0xff, 0xff,
  0x04, 0x00, 0x00, 0x00, 0x80, 0x00, 0x00, 0x00, 0xbf, 0xfe, 0xff, 0xff,
  0x4f, 0xff, 0xff, 0xff, 0x9e, 0x08, 0x00, 0x00, 0xbd, 0x03, 0x00, 0x00,
  0x25, 0xfb, 0xff, 0xff, 0x1b, 0x05, 0x00, 0x00, 0x67, 0x00, 0x00, 0x00,
  0xe8, 0x02, 0x00, 0x00, 0x75, 0xfe, 0xff, 0xff, 0x22, 0x04, 0x00, 0x00,
  0xec, 0xff, 0xff, 0xff, 0x9e, 0xfe, 0xff, 0xff, 0x3c, 0xf8, 0xff, 0xff,
  0xaf, 0x09, 0x00, 0x00, 0x8c, 0xfb, 0xff, 0xff, 0x28, 0xff, 0xff, 0xff,
  0x6f, 0xfd, 0xff, 0xff, 0xde, 0x04, 0x00, 0x00, 0x36, 0x02, 0x00, 0x00,
  0x3d, 0xfe, 0xff, 0xff, 0xd7, 0xff, 0xff, 0xff, 0xe7, 0xfa, 0xff, 0xff,
  0x90, 0xff, 0xff, 0xff, 0xf9, 0x0a, 0x00, 0x00, 0x18, 0xfd, 0xff, 0xff,
  0x2d, 0x06, 0x00, 0x00, 0xf6, 0x08, 0x00, 0x00, 0xdc, 0xfd, 0xff, 0xff,
  0x80, 0x06, 0x00, 0x00, 0xb8, 0x01, 0x00, 0x00, 0x2c, 0xff, 0xff, 0xff,
  0x09, 0x03, 0x00, 0x00, 0x0e, 0xeb, 0xff, 0xff, 0x04, 0x00, 0x00, 0x00,
  0x00, 0x10, 0x00, 0x00, 0x3a, 0xd4, 0xeb, 0xf6, 0x40, 0xc6, 0xf9, 0x4c,
  0x30, 0x47, 0x17, 0x39, 0xbe, 0xfe, 0xfd, 0xb5, 0xf8, 0x37, 0xd3, 0x23,
  0x31, 0xac, 0x13, 0xfe, 0x07, 0xbe, 0x17, 0xf2, 0xae, 0x29, 0xd6, 0xbf,
  0xeb, 0x02, 0x0f, 0xc3, 0x28, 0xff, 0xf1, 0x37, 0x53, 0x16, 0x08, 0x4e,
  0x1d, 0xf8, 0x29, 0x55, 0xca, 0xbf, 0x0a, 0xea, 0xe6, 0x37, 0xc6, 0x31,
  0xf2, 0xc3, 0x4d, 0xff, 0xe5, 0xec, 0x4a, 0xcf, 0x2a, 0xd9, 0x11, 0x5d,
  0x00, 0xee, 0xfd, 0x5f, 0x48, 0x26, 0xcb, 0xcb, 0x55, 0x1b, 0xdd, 0x22,
  0xcf, 0x49, 0x1e, 0x0d, 0xdf, 0x39, 0x59, 0x10, 0x3c, 0x66, 0xba, 0x51,
  0x35, 0xdd, 0x2e, 0xd2, 0xac, 0x0d, 0x46, 0xd8, 0x42, 0xfe, 0x19, 0x45,
  0x1a, 0x57, 0x5d, 0x3c, 0xdf, 0x44, 0xf4, 0xc9, 0xf5, 0x45, 0xa3, 0xb7,
  0x30, 0xa8, 0xc0, 0x2c, 0xac, 0xd3, 0xd3, 0x02, 0x1d, 0x45, 0xe5, 0xc7,
  0x07, 0xd1, 0x38, 0x16, 0x3b, 0xda, 0xbb, 0x30, 0xbe, 0x06, 0x40, 0x5f,
  0xaf, 0x0c, 0x29, 0x99, 0xd3, 0x5b, 0xc1, 0xf4, 0xde, 0x4a, 0x28, 0xb8,
  0x07, 0x27, 0x40, 0x48, 0xc5, 0xa3, 0xdb, 0x05, 0xd1, 0x16, 0x24, 0x5d,
  0xc5, 0x14, 0xde, 0xc2, 0x3e, 0x4a, 0xe6, 0x2b, 0x0c, 0x4e, 0xb0, 0x24,
  0xcf, 0xf6, 0x39, 0x1a, 0xc1, 0xda, 0xc1, 0x20, 0x18, 0xef, 0x19, 0x3f,
  0xf6, 0xdc, 0xae, 0xe2, 0x3b, 0xde, 0xe4, 0xc0, 0xd7, 0x13, 0x20, 0x54,
  0xfa, 0x12, 0x00, 0x3f, 0x0a, 0xf6, 0xf5, 0x05, 0x42, 0x1c, 0xfb, 0x18,
  0xe2, 0xfd, 0x1d, 0x59, 0xf9, 0x08, 0xce, 0x1d, 0xff, 0xe4, 0x4e, 0xfa,
  0x48, 0x0a, 0x4e, 0xed, 0x1b, 0x25, 0x2f, 0x3d, 0xfa, 0x03, 0x2e, 0xcc,
  0xf9, 0xb1, 0x04, 0x07, 0x03, 0xe0, 0xd9, 0xd9, 0xa0, 0x64, 0x02, 0x19,
  0x61, 0xee, 0x58, 0x55, 0x01, 0x41, 0xf1, 0xef, 0xf4, 0x53, 0xf9, 0xde,
  0x47, 0xc5, 0xd8, 0xfc, 0xe7, 0x43, 0x49, 0xd7, 0xb6, 0xe4, 0x45, 0x9c,
  0x12, 0xce, 0xf4, 0x9f, 0xe3, 0xe5, 0x1f, 0x1d, 0xc7, 0xf5, 0x2e, 0x45,
  0xde, 0xb9, 0x25, 0xc5, 0x28, 0xbe, 0xf0, 0xa3, 0xd2, 0xea, 0x0e, 0xcd,
  0x37, 0xff, 0xdd, 0x0b, 0x0d, 0x14, 0x18, 0x36, 0xc8, 0x07, 0x4d, 0x63,
  0x2d, 0xbb, 0x3d, 0x07, 0xe4, 0x01, 0x39, 0xbe, 0x8c, 0x25, 0x28, 0x1c,
  0x43, 0x05, 0xe0, 0xfd, 0xea, 0x39, 0xc2, 0x50, 0x47, 0x43, 0x33, 0xbc,
  0x51, 0xb7, 0x1d, 0x2d, 0x4b, 0x5e, 0x07, 0x45, 0xe2, 0x24, 0xfc, 0xb7,
  0xe0, 0xb2, 0x4b, 0x1c, 0x0d, 0xf3, 0x36, 0xd3, 0x54, 0x01, 0xa1, 0xa4,
  0xaf, 0xff, 0xc7, 0x3c, 0xf4, 0xfd, 0xf8, 0x15, 0x0a, 0x1c, 0xe9, 0xcf,
  0xc5, 0x03, 0xfc, 0xf5, 0xa8, 0xaa, 0xfc, 0x38, 0x40, 0xfd, 0xd7, 0x41,
  0xff, 0xe9, 0x2c, 0x99, 0x1b, 0x55, 0x44, 0x3b, 0xd9, 0x1d, 0x3e, 0x35,
  0x29, 0xe9, 0xdd, 0x34, 0xbb, 0x43, 0xea, 0xe4, 0xf6, 0xb7, 0x2b, 0x01,
  0x1e, 0x38, 0xe1, 0x06, 0xba, 0x2f, 0x57, 0xfa, 0xdc, 0xa5, 0xc1, 0x02,
  0x49, 0x03, 0xd0, 0x22, 0x17, 0xe0, 0xd8, 0x21, 0x41, 0x3e, 0xff, 0x49,
  0x17, 0xbd, 0xf5, 0xe8, 0xfd, 0x60, 0x40, 0xf0, 0xce, 0xc6, 0xf1, 0x07,
  0xf3, 0xcb, 0x3f, 0x0c, 0x1c, 0xf4, 0x10, 0xf7, 0x3e, 0xd7, 0xc2, 0x2a,
  0xd8, 0xaf, 0xfd, 0x26, 0xce, 0x4b, 0x1c, 0xb5, 0xfd, 0xe2, 0x2e, 0xbb,
  0xbf, 0xd4, 0x06, 0xf1, 0xd0, 0x02, 0xfa, 0xba, 0xfc, 0x10, 0x28, 0xd2,
  0xc7, 0x24, 0x4e, 0xdd, 0x50, 0x18, 0xf2, 0x10, 0xeb, 0xfc, 0xda, 0xf3,
  0xe6, 0xf5, 0xe4, 0xfe, 0xe0, 0xbc, 0x1c, 0xda, 0x3c, 0xdb, 0x1a, 0xe4,
  0x34, 0x02, 0x31, 0xcf, 0x38, 0x40, 0x23, 0x45, 0x15, 0xd6, 0xee, 0xc3,
  0x2f, 0xb6, 0xf6, 0xf0, 0xff, 0x19, 0xf3, 0xe8, 0x25, 0x25, 0xea, 0xea,
  0x2f, 0xcb, 0xf5, 0xca, 0x3e, 0xd1, 0x02, 0xf5, 0x0b, 0x17, 0xf4, 0x09,
  0xcd, 0x19, 0xe7, 0xf1, 0x70, 0x0e, 0xc7, 0xd1, 0xdc, 0x9e, 0xbc, 0x0f,
  0xbc, 0x00, 0x59, 0x20, 0xcd, 0xe3, 0x48, 0xe3, 0xca, 0x36, 0x0b, 0xc3,
  0xb1, 0x31, 0x4b, 0xba, 0xf1, 0xa6, 0x23, 0x50, 0x46, 0x07, 0xe8, 0xee,
  0xda, 0xb6, 0x37, 0x3d, 0x5f, 0x30, 0xb7, 0xd7, 0x3b, 0x06, 0x25, 0xc9,
  0x3b, 0x18, 0x15, 0xdc, 0x53, 0x17, 0xda, 0x4c, 0x3f, 0x45, 0x2b, 0xe7,
  0x0b, 0xe4, 0x2b, 0xd3, 0xd3, 0xdd, 0xba, 0xeb, 0x0f, 0x35, 0x5b, 0x36,
  0xfc, 0x54, 0x02, 0xae, 0x3e, 0xe6, 0xbe, 0x35, 0x59, 0xcc, 0xb8, 0x48,
  0xd8, 0x09, 0x15, 0xcf, 0xc2, 0xc7, 0x50, 0x36, 0xa7, 0x56, 0x6b, 0x39,
  0x35, 0xb5, 0x01, 0xbc, 0xae, 0x04, 0x4a, 0x6b, 0x0a, 0x16, 0x25, 0xea,
  0xe6, 0x2f, 0x2c, 0xbf, 0xf6, 0x49, 0xc3, 0x03, 0x9d, 0x2c, 0xf3, 0xed,
  0xde, 0x06, 0xe7, 0x14, 0x5e, 0x42, 0x1e, 0xf8, 0x2f, 0x07, 0xe3, 0xf0,
  0xc2, 0x2c, 0xa8, 0x12, 0xc0, 0x2c, 0xf3, 0x0e, 0xf0, 0x2a, 0xfb, 0x0d,
  0xd4, 0x24, 0xb3, 0x50, 0xae, 0xc9, 0x42, 0x03, 0x04, 0xb4, 0xf7, 0x0f,
  0x31, 0xb8, 0xbe, 0xf0, 0xe6, 0xd6, 0x0f, 0xce, 0xf5, 0xb5, 0xab, 0x2b,
  0xc3, 0x3e, 0xfb, 0xd8, 0xce, 0x2a, 0x0c, 0xc6, 0xcb, 0x1b, 0x28, 0xba,
  0x3f, 0x3b, 0xc5, 0x10, 0x36, 0x3d, 0xa1, 0xce, 0x1d, 0x25, 0x5a, 0xd6,
  0xcb, 0x9b, 0x15, 0x51, 0x48, 0x38, 0x08, 0x08, 0x57, 0xbd, 0x28, 0x43,
  0x0b, 0xc3, 0xb9, 0x13, 0x15, 0x33, 0xd8, 0xa6, 0x02, 0x0b, 0x03, 0x07,
  0xb3, 0xc9, 0x12, 0x04, 0x37, 0x2f, 0x48, 0x01, 0xd9, 0x30, 0x0f, 0x2e,
  0x62, 0xd0, 0xb8, 0xb3, 0x54, 0x3b, 0xa8, 0x22, 0xc0, 0x23, 0x26, 0x57,
  0xfa, 0x43, 0xbc, 0xcd, 0xdd, 0x01, 0xad, 0x2f, 0x2a, 0xbc, 0x4a, 0x63,
  0x0f, 0xcf, 0xf6, 0x46, 0xfc, 0x02, 0xfe, 0x38, 0x64, 0xe6, 0xf8, 0x6c,
  0x3d, 0x04, 0xc3, 0xe8, 0x5d, 0xf7, 0x27, 0x1e, 0x24, 0x28, 0x51, 0xf6,
  0x31, 0xc9, 0xc2, 0x64, 0x56, 0x07, 0xd8, 0x39, 0xfe, 0xed, 0x55, 0xd4,
  0x5b, 0xe5, 0xdd, 0x18, 0x40, 0xeb, 0x59, 0x20, 0x23, 0xf3, 0xff, 0x13,
  0x09, 0xcb, 0xec, 0x35, 0xae, 0x9f, 0xed, 0xde, 0xb1, 0xf4, 0xc6, 0xd4,
  0xa6, 0x1f, 0xd8, 0x41, 0xf5, 0x25, 0xda, 0xdb, 0x40, 0x41, 0xd1, 0xf2,
  0x15, 0x3a, 0xfb, 0xa2, 0xb7, 0xe0, 0xe7, 0xf6, 0xd7, 0xc1, 0x17, 0xc9,
  0x06, 0x22, 0x20, 0xf1, 0xc8, 0x22, 0x0e, 0xdd, 0xf0, 0xce, 0xcd, 0xb9,
  0x52, 0x3e, 0xce, 0xac, 0x2b, 0x08, 0x4d, 0xac, 0x46, 0xaf, 0x2c, 0x09,
  0x47, 0x11, 0x28, 0xc1, 0x2e, 0xe0, 0x23, 0xd6, 0x2d, 0x39, 0x43, 0xdf,
  0xb8, 0xf2, 0xbb, 0x0e, 0x4e, 0xd1, 0xcb, 0x30, 0x21, 0x20, 0x15, 0x1d,
  0xdc, 0x14, 0xea, 0x34, 0xc1, 0x13, 0x10, 0x4f, 0x05, 0xd5, 0xea, 0xf5,
  0x15, 0x40, 0x0b, 0x4b, 0x56, 0xd0, 0xd2, 0xc8, 0x20, 0x36, 0xed, 0xd5,
  0xfe, 0x45, 0xef, 0x14, 0xea, 0x08, 0xcf, 0x57, 0x1d, 0x08, 0x2e, 0xd1,
  0xcc, 0xba, 0x0a, 0xc1, 0xda, 0xcd, 0x95, 0xe6, 0x0c, 0xe0, 0xf2, 0x45,
  0xae, 0x2c, 0xdf, 0x9b, 0x52, 0x1b, 0x09, 0x60, 0xf4, 0xb9, 0xfb, 0x1d,
  0x47, 0x0c, 0xd0, 0x1f, 0xac, 0x01, 0x5b, 0xb7, 0x3c, 0xdb, 0x38, 0x08,
  0x36, 0xb3, 0x2c, 0x2d, 0xf7, 0x02, 0xd4, 0x18, 0xc2, 0x9b, 0x11, 0xb1,
  0x04, 0xcf, 0x03, 0xbc, 0xee, 0xb6, 0xda, 0xf4, 0xe1, 0xa7, 0x3f, 0x1c,
  0xe4, 0x52, 0x17, 0xaa, 0x43, 0xa5, 0x19, 0xdb, 0xc2, 0x0b, 0xb0, 0xd5,
  0xdd, 0xea, 0xc7, 0xdd, 0x24, 0xd9, 0x2f, 0x09, 0x12, 0xcc, 0x3f, 0x12,
  0xf0, 0x1e, 0xa8, 0xb8, 0x2a, 0x3b, 0x29, 0xca, 0x2b, 0xb8, 0x0a, 0x2d,
  0xe8, 0xe8, 0x2a, 0xb7, 0x1c, 0x4b, 0xb0, 0xeb, 0xc1, 0x36, 0xcc, 0x36,
  0xd4, 0x0d, 0xe6, 0xf9, 0xff, 0xe3, 0xb6, 0x25, 0x30, 0x0d, 0x50, 0xbc,
  0xde, 0x2a, 0xd2, 0xde, 0x27, 0xfe, 0xc6, 0xc4, 0x41, 0x0f, 0xc8, 0xe1,
  0xe5, 0xc6, 0x1b, 0x20, 0x3e, 0xf9, 0x14, 0xb7, 0x33, 0xa7, 0xcd, 0x3f,
  0x3d, 0xc2, 0x37, 0xcc, 0xdf, 0xe2, 0x38, 0x37, 0xfd, 0x12, 0x04, 0x32,
  0x0a, 0x02, 0x28, 0xbd, 0xc4, 0x07, 0x2b, 0x4a, 0x48, 0x3b, 0xa2, 0x18,
  0xed, 0x18, 0xd6, 0x20, 0x02, 0x1c, 0x2f, 0xc3, 0xc0, 0xad, 0xd0, 0xf7,
  0xee, 0x19, 0xbb, 0xeb, 0x52, 0x2c, 0xcd, 0xbb, 0xf0, 0xfd, 0xe2, 0xea,
  0xc3, 0x31, 0xdc, 0x32, 0x11, 0xc4, 0x36, 0xd5, 0x30, 0xae, 0x31, 0x3d,
  0x3f, 0xb9, 0x28, 0xb9, 0x07, 0x2a, 0xdf, 0xeb, 0xd0, 0x3d, 0xd5, 0xdf,
  0x2d, 0x29, 0x2b, 0xb4, 0xd0, 0x18, 0xf1, 0x32, 0xd9, 0x0c, 0x44, 0xe8,
  0xde, 0x0c, 0xef, 0xd1, 0x1c, 0x1c, 0x47, 0xe6, 0x01, 0x36, 0x30, 0x1b,
  0x09, 0xc8, 0x40, 0xf5, 0x26, 0xc9, 0xc7, 0x26, 0x33, 0x22, 0x1b, 0xc9,
  0x2b, 0xc5, 0xbc, 0xef, 0xf7, 0xf4, 0xe1, 0x22, 0xc8, 0x01, 0xb0, 0xc1,
  0x12, 0x1b, 0x22, 0x00, 0xbf, 0x2b, 0x24, 0xbd, 0xb8, 0xd7, 0xf3, 0x09,
  0xc0, 0xc5, 0x4e, 0xdf, 0x4a, 0x1e, 0xca, 0xe4, 0x1e, 0x2a, 0xd1, 0xc9,
  0xe2, 0x06, 0x47, 0x3d, 0x18, 0x2a, 0x12, 0xae, 0x21, 0x32, 0xc6, 0xc0,
  0x30, 0x13, 0xbf, 0x06, 0x37, 0xf1, 0xb6, 0xf9, 0x09, 0xfc, 0x1f, 0x52,
  0xd4, 0xf5, 0x3c, 0xc2, 0x38, 0xc3, 0xf2, 0xed, 0x05, 0xe3, 0xbc, 0x2a,
  0xda, 0x1e, 0xca, 0x4b, 0xf8, 0x34, 0xeb, 0xf9, 0x2c, 0xdd, 0x25, 0x58,
  0x59, 0x1b, 0xc5, 0xe3, 0x53, 0xcf, 0xe4, 0xdd, 0x30, 0x37, 0xc2, 0xc9,
  0x33, 0xd7, 0xbe, 0xcb, 0x0f, 0xce, 0x1e, 0xee, 0xa3, 0xc1, 0x4b, 0xdd,
  0xcf, 0xd7, 0xcd, 0xef, 0xc4, 0x3a, 0x36, 0x47, 0xe2, 0x1b, 0xb7, 0x02,
  0xed, 0x31, 0x44, 0x52, 0x16, 0xb4, 0x38, 0xe0, 0x06, 0x25, 0x3b, 0xcc,
  0x2c, 0x4c, 0x37, 0x17, 0xd3, 0x2a, 0xfa, 0xc7, 0x22, 0xd0, 0x2e, 0xf2,
  0x42, 0x1f, 0x2a, 0xc3, 0x58, 0xbb, 0x2b, 0x54, 0x3c, 0x09, 0x1e, 0xd0,
  0xa1, 0xd3, 0x37, 0x1a, 0x41, 0xe9, 0xd8, 0x3e, 0xc5, 0xfe, 0x17, 0xd8,
  0xea, 0xf7, 0xdb, 0xfe, 0x46, 0xe8, 0x21, 0xfd, 0x05, 0xbe, 0x2c, 0x0b,
  0x68, 0xd8, 0x2b, 0x2f, 0x33, 0x05, 0x23, 0x05, 0xbf, 0xfa, 0xdf, 0x0d,
  0xfb, 0x1c, 0xfa, 0xb0, 0xba, 0x97, 0x22, 0x02, 0x17, 0x2d, 0x4d, 0x0a,
  0xd4, 0xc2, 0x45, 0xc1, 0xa6, 0xd7, 0xba, 0xe6, 0xca, 0x17, 0x29, 0xed,
  0x4a, 0x44, 0x32, 0xee, 0x53, 0xe1, 0xc6, 0x0b, 0xb5, 0xbc, 0x45, 0xb2,
  0x87, 0x0f, 0x3b, 0x13, 0xcd, 0x42, 0x28, 0xf3, 0x4c, 0x29, 0x0d, 0x01,
  0xeb, 0xeb, 0xd2, 0xe8, 0x34, 0xbb, 0x08, 0xed, 0x04, 0x4a, 0x00, 0x3f,
  0x3a, 0x4e, 0x4b, 0x59, 0x0a, 0x60, 0x47, 0x0d, 0x04, 0x14, 0xe9, 0xbd,
  0xca, 0x9e, 0x3d, 0x18, 0x47, 0xb6, 0x2a, 0xfd, 0x08, 0x41, 0x27, 0xd6,
  0xed, 0xe5, 0xc3, 0x9b, 0xf1, 0x19, 0x54, 0x1b, 0x43, 0x0d, 0x30, 0xde,
  0xbc, 0xf6, 0x4b, 0x4c, 0x3a, 0x48, 0x06, 0x30, 0x2e, 0xfd, 0xf4, 0xea,
  0xca, 0xdd, 0x3e, 0x1c, 0x19, 0x34, 0xd8, 0x13, 0xba, 0xd6, 0x00, 0xb9,
  0x20, 0xcf, 0x21, 0xd3, 0xcf, 0xc2, 0x27, 0xe6, 0xf8, 0x30, 0x1d, 0x22,
  0xf9, 0x56, 0x0c, 0xf1, 0x05, 0x07, 0xfd, 0x48, 0xe4, 0xe3, 0xdb, 0x40,
  0x08, 0x3f, 0x0d, 0x02, 0x5d, 0xaf, 0x01, 0xc7, 0x2b, 0x0b, 0x03, 0x44,
  0x14, 0x06, 0xf8, 0x34, 0xe1, 0xec, 0xec, 0xbe, 0x05, 0x3a, 0x2d, 0x28,
  0x3f, 0x69, 0xf6, 0x0b, 0x4b, 0x03, 0x17, 0xfc, 0x2b, 0xf9, 0x2d, 0xf5,
  0x12, 0xfd, 0xc1, 0x49, 0x1a, 0x0c, 0x05, 0x3c, 0x24, 0x24, 0xf5, 0x15,
  0xc3, 0xfc, 0xaa, 0x3c, 0x8a, 0x12, 0xc5, 0xf1, 0x38, 0xbf, 0x10, 0xff,
  0xd2, 0xef, 0x0e, 0x1a, 0x33, 0xc9, 0xd8, 0xe6, 0x35, 0x49, 0x2b, 0xde,
  0x34, 0x40, 0x00, 0xee, 0xdf, 0x46, 0xaf, 0xf8, 0x0a, 0x5f, 0xf6, 0xc8,
  0xb7, 0x9b, 0xcd, 0x81, 0xac, 0xde, 0x19, 0x47, 0x10, 0x13, 0x1b, 0x50,
  0xfb, 0xd3, 0x24, 0xbb, 0xde, 0x70, 0x07, 0xca, 0xf5, 0xe9, 0x39, 0xa9,
  0xbd, 0xce, 0xe6, 0xda, 0x01, 0x56, 0xed, 0x45, 0x1a, 0x5f, 0xa8, 0xe3,
  0xe0, 0x42, 0x13, 0x2d, 0x41, 0xc7, 0x38, 0xb9, 0x33, 0x04, 0xe9, 0x47,
  0x28, 0x18, 0x48, 0xca, 0x01, 0x3e, 0x15, 0xef, 0xec, 0x4a, 0xe3, 0xc9,
  0x42, 0x9b, 0x4e, 0x2d, 0x22, 0xd8, 0x03, 0x26, 0xd5, 0x3b, 0xc1, 0x59,
  0x3c, 0xd0, 0x2f, 0xec, 0xd9, 0x0e, 0xfb, 0xc5, 0xf7, 0xda, 0x16, 0x0b,
  0x3b, 0xbb, 0x4e, 0x08, 0x28, 0xcb, 0xdb, 0xda, 0xec, 0x35, 0x45, 0xf2,
  0x36, 0x2f, 0xab, 0x22, 0x36, 0x05, 0xe9, 0xca, 0xc9, 0xd7, 0xe8, 0x2c,
  0xe3, 0xaf, 0x43, 0xe3, 0xc1, 0xd1, 0x11, 0xb5, 0xfe, 0xaf, 0xd4, 0xb0,
  0x15, 0xf8, 0xa6, 0xb3, 0x19, 0x34, 0xe9, 0x1d, 0x53, 0x3c, 0xec, 0xb4,
  0xc5, 0x1c, 0xca, 0x05, 0xc4, 0xb6, 0x0f, 0xda, 0x29, 0x03, 0x3b, 0xb8,
  0xae, 0x24, 0xac, 0x26, 0xd6, 0xf1, 0x13, 0x37, 0xde, 0xd6, 0x33, 0xce,
  0xca, 0x4e, 0xf7, 0xe1, 0xf2, 0x25, 0x03, 0x22, 0x0e, 0x97, 0xa8, 0xe9,
  0xef, 0xdd, 0x99, 0xd8, 0x43, 0xe6, 0x02, 0x26, 0x34, 0xf7, 0xe0, 0x1f,
  0x0a, 0xc2, 0xea, 0x56, 0xbf, 0x3a, 0x59, 0x4c, 0x56, 0x06, 0xcd, 0xb1,
  0x2e, 0xcd, 0x3a, 0x1a, 0x0e, 0x0c, 0x17, 0x35, 0x0d, 0x58, 0x5b, 0x1b,
  0x1a, 0x3e, 0x13, 0x28, 0x09, 0xbe, 0xf3, 0xbb, 0x4f, 0xb4, 0x1a, 0xac,
  0xaa, 0x0c, 0x30, 0x1d, 0x4b, 0x2a, 0xaf, 0x38, 0xf6, 0x25, 0x45, 0x70,
  0xc6, 0x33, 0x31, 0xaf, 0xdf, 0xac, 0x34, 0x28, 0xac, 0xa2, 0x47, 0x30,
  0x0f, 0xb2, 0x29, 0xea, 0x1d, 0xaf, 0x3a, 0x30, 0xed, 0x9f, 0x3f, 0xc7,
  0xd7, 0x16, 0xff, 0xe0, 0x2d, 0x32, 0xeb, 0xe9, 0xb1, 0x20, 0x2d, 0x20,
  0x4e, 0x3b, 0xd1, 0x4e, 0x07, 0x0f, 0xc9, 0x08, 0x2f, 0x18, 0xeb, 0xdd,
  0x10, 0xc9, 0x57, 0x09, 0x5a, 0x1f, 0x04, 0x20, 0xe6, 0x12, 0xd0, 0xdd,
  0xc7, 0x11, 0xdb, 0x74, 0xd3, 0xac, 0x30, 0xaa, 0x1e, 0x23, 0x2d, 0x05,
  0x29, 0x19, 0x28, 0x55, 0x4d, 0x5b, 0x11, 0xfc, 0xcf, 0x12, 0xfa, 0x22,
  0x02, 0xce, 0xe2, 0x3d, 0x55, 0xbb, 0xcd, 0x02, 0x59, 0x2b, 0xc3, 0x0e,
  0x2e, 0xcc, 0x55, 0x26, 0xd7, 0x4e, 0x23, 0xfb, 0xe0, 0x07, 0xf7, 0xa9,
  0x1d, 0xfc, 0x2b, 0x08, 0x4d, 0xe6, 0x5f, 0x0c, 0x03, 0xc1, 0xce, 0x0d,
  0x44, 0x5b, 0x1d, 0xbf, 0x27, 0xf5, 0x30, 0xe1, 0xf9, 0x0d, 0x1b, 0xbe,
  0x08, 0x38, 0xd6, 0xf2, 0xa9, 0x04, 0x5f, 0x28, 0xbb, 0x13, 0xf7, 0x20,
  0x2e, 0xa8, 0x02, 0xaa, 0xed, 0xfe, 0x4a, 0x25, 0x14, 0xd1, 0xc5, 0xf2,
  0x75, 0x41, 0xf5, 0x0b, 0xdd, 0xf8, 0xfc, 0x64, 0xc6, 0x4e, 0x65, 0xc3,
  0xdd, 0x1d, 0x22, 0x21, 0xf5, 0x68, 0xc6, 0x08, 0xeb, 0x06, 0xef, 0xeb,
  0xe1, 0xd6, 0x55, 0x12, 0x58, 0xe8, 0x3a, 0xd6, 0x6f, 0xd2, 0xd2, 0x56,
  0xee, 0x2d, 0x15, 0xc4, 0x46, 0x0f, 0xe4, 0x3c, 0x13, 0x37, 0x23, 0x3c,
  0x11, 0xac, 0x1c, 0x1b, 0xe5, 0xc2, 0x3f, 0x6a, 0x27, 0x0d, 0x08, 0xd9,
  0x09, 0xfd, 0xdb, 0xe8, 0x3d, 0x7b, 0x15, 0xdc, 0x27, 0x9a, 0x2d, 0xf5,
  0xff, 0x38, 0xd5, 0x20, 0x17, 0x0f, 0x2c, 0x53, 0xc7, 0xea, 0xf2, 0xf8,
  0xdc, 0x04, 0xf3, 0xdb, 0xfa, 0xe4, 0xe9, 0xb9, 0x3a, 0xd8, 0xd2, 0x30,
  0xf5, 0x0b, 0x25, 0x3b, 0xde, 0xe1, 0x48, 0xeb, 0x4c, 0xf5, 0x34, 0x5b,
  0x50, 0xd4, 0x15, 0xda, 0x45, 0x5a, 0x0e, 0xc7, 0x22, 0x3c, 0x2c, 0x26,
  0xb9, 0xf8, 0x2a, 0xe5, 0x18, 0x31, 0xa9, 0x2f, 0xdd, 0x15, 0xdf, 0x09,
  0xf6, 0xc9, 0x46, 0x0b, 0x2f, 0xb6, 0xa6, 0x0a, 0x17, 0xf8, 0x5a, 0x3a,
  0xf7, 0x64, 0xcb, 0x35, 0x48, 0x4c, 0xcd, 0xab, 0xc8, 0xc8, 0xe9, 0xe9,
  0xed, 0xe2, 0xce, 0xd3, 0x15, 0xe4, 0x50, 0xc8, 0xf5, 0xdc, 0xf5, 0xed,
  0x00, 0x5a, 0x70, 0x46, 0xe2, 0xf6, 0xdf, 0x4d, 0x0b, 0xca, 0x44, 0xb0,
  0x51, 0xc3, 0x08, 0x09, 0x3b, 0xac, 0x28, 0x37, 0x13, 0x21, 0x60, 0x2b,
  0xfc, 0xa6, 0x01, 0xa8, 0x31, 0xef, 0xaa, 0xb7, 0xfd, 0x21, 0x1b, 0xcf,
  0x4a, 0xcf, 0xb6, 0x28, 0x42, 0xfd, 0xde, 0x2c, 0xe4, 0x4a, 0xcf, 0x50,
  0x2e, 0x34, 0xbb, 0x21, 0xd8, 0xb7, 0xd4, 0xf3, 0xc6, 0xd4, 0xe9, 0x3c,
  0xe3, 0x24, 0xb6, 0xec, 0xcf, 0x07, 0xce, 0xee, 0x19, 0xf1, 0x06, 0xcc,
  0xf5, 0xc5, 0x12, 0x12, 0x3e, 0xca, 0xe4, 0x30, 0xc7, 0x0d, 0x0d, 0xfd,
  0x58, 0x36, 0xd8, 0x5f, 0xdf, 0x0e, 0x2b, 0xc1, 0x47, 0xc1, 0xe9, 0xc3,
  0x14, 0x04, 0x2f, 0x18, 0x3f, 0xdb, 0xe7, 0x17, 0x10, 0xc1, 0xa0, 0x49,
  0x0a, 0x00, 0xb2, 0xd7, 0xbb, 0xd2, 0x47, 0xd6, 0x3d, 0x23, 0xb6, 0x27,
  0xee, 0xa7, 0xe2, 0x25, 0x31, 0xe7, 0xdf, 0xc6, 0xf1, 0xbe, 0xb8, 0xb0,
  0xcd, 0xee, 0xc9, 0xf4, 0xf5, 0x41, 0x4c, 0xd3, 0xae, 0xbc, 0x2c, 0xe6,
  0x53, 0x32, 0xf5, 0x3a, 0x3b, 0x1f, 0x2d, 0xe0, 0xe1, 0xbb, 0x04, 0xe2,
  0xfa, 0x62, 0xc8, 0xcc, 0xad, 0x58, 0xfe, 0xed, 0x37, 0x37, 0x05, 0x55,
  0x01, 0xfa, 0xe6, 0xe5, 0x4f, 0xfc, 0x49, 0x08, 0x20, 0x2e, 0x0b, 0xf4,
  0x2a, 0x4d, 0x22, 0xc2, 0xbc, 0x23, 0xce, 0xd0, 0x06, 0x23, 0x22, 0xec,
  0x1f, 0xd7, 0x4c, 0x2e, 0xd6, 0x10, 0x3b, 0x2b, 0xc0, 0xbb, 0x1d, 0x3c,
  0xe0, 0xb8, 0xc8, 0xfd, 0xd8, 0xb2, 0x01, 0xea, 0xfe, 0xf1, 0xd5, 0x0f,
  0x00, 0x56, 0x1d, 0x36, 0x4d, 0xdf, 0x06, 0x48, 0xbe, 0x29, 0xf7, 0x0f,
  0x14, 0x2a, 0x03, 0x34, 0xb8, 0xb9, 0xe7, 0xfa, 0x05, 0x31, 0x55, 0x31,
  0x1f, 0x26, 0xbf, 0x28, 0xd2, 0x52, 0x3f, 0xcd, 0x4a, 0x33, 0xda, 0xfc,
  0xe4, 0xbc, 0x4b, 0x54, 0xde, 0xd0, 0x0c, 0xd7, 0xdb, 0xcd, 0x2f, 0xa9,
  0xdc, 0xc9, 0x0d, 0x4b, 0x15, 0xf6, 0xbc, 0xdc, 0x1c, 0x1d, 0x21, 0xd1,
  0x27, 0xc8, 0x59, 0x07, 0x19, 0xde, 0x03, 0x00, 0xd3, 0x26, 0x18, 0x16,
  0x3a, 0x4e, 0x24, 0x32, 0x07, 0xea, 0xa8, 0x4b, 0x42, 0xfd, 0x0b, 0x02,
  0x0e, 0x08, 0x65, 0xfb, 0xc9, 0xe6, 0xd9, 0x5e, 0x39, 0x02, 0x4e, 0x2b,
  0x24, 0x2e, 0x50, 0x3c, 0xf0, 0xc8, 0x1d, 0x40, 0xfe, 0xd6, 0xc1, 0xe3,
  0xc1, 0xf2, 0x32, 0xb9, 0xd9, 0x0d, 0x42, 0x38, 0x13, 0x41, 0xd0, 0xff,
  0x4e, 0xbf, 0x32, 0x0e, 0xdc, 0x40, 0x69, 0xfa, 0xcf, 0xd8, 0xf7, 0xe5,
  0xe2, 0x2c, 0x94, 0x37, 0xdd, 0xbd, 0x50, 0x2d, 0xc3, 0x09, 0xd3, 0xa5,
  0x0f, 0xa4, 0xfc, 0x9b, 0xd0, 0xc0, 0x07, 0xbe, 0x06, 0x03, 0x40, 0x04,
  0xeb, 0x54, 0x18, 0xe3, 0x37, 0xf1, 0x1c, 0x0c, 0x1e, 0x46, 0xa6, 0xc2,
  0xeb, 0x4f, 0xa8, 0x48, 0x3f, 0xe5, 0xd2, 0x3e, 0xff, 0x53, 0xb7, 0x25,
  0x4c, 0x51, 0x13, 0x08, 0x47, 0xca, 0x4b, 0x5d, 0xbc, 0x4f, 0x2f, 0x06,
  0x32, 0x04, 0x2a, 0x20, 0x0e, 0xdb, 0xf1, 0x4c, 0x1a, 0x2e, 0xca, 0x0b,
  0x32, 0xfd, 0x56, 0x3f, 0xe3, 0xc9, 0x36, 0xfe, 0xd9, 0x0b, 0xe8, 0x10,
  0xc7, 0xc9, 0xde, 0x38, 0x24, 0xea, 0xff, 0xd2, 0x53, 0xb8, 0x39, 0xc4,
  0x1b, 0x22, 0x30, 0xf6, 0xb4, 0xc6, 0xde, 0xf3, 0xde, 0x44, 0xc6, 0xbe,
  0xbf, 0x05, 0x25, 0xe8, 0x25, 0x08, 0xff, 0x40, 0x09, 0x0c, 0x00, 0x45,
  0xb1, 0x58, 0xcb, 0xaf, 0x0a, 0xbd, 0xb1, 0x32, 0xb3, 0x2c, 0x48, 0x0c,
  0x27, 0x30, 0x1b, 0x25, 0xc7, 0x00, 0x26, 0x15, 0x0c, 0x35, 0x29, 0xba,
  0xec, 0x49, 0x4a, 0xee, 0xe5, 0xc1, 0xbc, 0xad, 0x1e, 0xfe, 0x50, 0x62,
  0x0a, 0x41, 0xf4, 0xeb, 0xfd, 0xc6, 0x2e, 0x3a, 0x07, 0xb7, 0xcb, 0x26,
  0xdc, 0x19, 0xc2, 0x4a, 0x11, 0x43, 0xf0, 0x4b, 0x05, 0xc7, 0x14, 0x54,
  0x27, 0xd1, 0xf8, 0xe5, 0xd7, 0x23, 0x43, 0x0d, 0x30, 0xdb, 0xce, 0x54,
  0x32, 0xaa, 0xdf, 0x59, 0x41, 0x29, 0x65, 0x03, 0xc5, 0xc3, 0x5e, 0x09,
  0x2c, 0xc7, 0x1a, 0xbf, 0xcc, 0xd6, 0xf3, 0xca, 0x24, 0x2b, 0xc8, 0xfa,
  0x5f, 0x26, 0x08, 0x43, 0x6c, 0xf4, 0x02, 0x62, 0xf2, 0x43, 0xf7, 0x1a,
  0xbc, 0x0c, 0xe9, 0x2b, 0xe9, 0xa9, 0x2b, 0xec, 0xe9, 0xd8, 0x0e, 0x24,
  0xee, 0xd8, 0xf7, 0xfa, 0x4d, 0xb2, 0x40, 0x28, 0xd4, 0xe1, 0xc0, 0xba,
  0xf8, 0x1e, 0x2e, 0xf1, 0x08, 0xbe, 0xc9, 0x23, 0x23, 0xde, 0x53, 0xcf,
  0x14, 0x53, 0x96, 0xc2, 0xc0, 0x56, 0xd8, 0xcd, 0x13, 0xc7, 0x54, 0x15,
  0x1a, 0x73, 0x4c, 0x39, 0xf4, 0xee, 0xcd, 0x18, 0xe0, 0x3a, 0x29, 0x04,
  0x5a, 0x0a, 0xe0, 0x63, 0x28, 0xe9, 0x41, 0x5f, 0xc5, 0xec, 0x2f, 0xe0,
  0x12, 0xe0, 0x3e, 0xfc, 0x48, 0x12, 0x05, 0x1c, 0x05, 0x03, 0xca, 0xde,
  0x49, 0xd7, 0xab, 0x12, 0xd1, 0x18, 0x31, 0xec, 0xdf, 0x1f, 0xe9, 0xbc,
  0x26, 0xe0, 0x9d, 0x0d, 0x55, 0x3a, 0xd3, 0x46, 0xd8, 0x2a, 0xca, 0xee,
  0x47, 0xb3, 0xde, 0x2e, 0xbf, 0x1f, 0x02, 0x46, 0x1d, 0x2c, 0xa5, 0xdc,
  0x10, 0x1d, 0x2a, 0xc5, 0x0a, 0xe3, 0xdc, 0xe1, 0xc1, 0xa3, 0x02, 0x10,
  0x14, 0xae, 0x2d, 0x16, 0x15, 0xe9, 0x26, 0x2a, 0xcf, 0xbf, 0x33, 0x57,
  0x16, 0x33, 0x03, 0x33, 0x1c, 0xf6, 0x40, 0xfb, 0xfd, 0xc9, 0xb6, 0xdb,
  0x18, 0xcc, 0xc0, 0xab, 0x19, 0xd7, 0x0d, 0x05, 0x2c, 0x2d, 0xe2, 0x4f,
  0xe7, 0xc9, 0xb4, 0x41, 0xdf, 0xab, 0x28, 0xe2, 0x1c, 0x06, 0x0d, 0xb5,
  0x1b, 0x0e, 0x9c, 0x28, 0xbe, 0xb8, 0x4c, 0x1e, 0x32, 0xfc, 0xff, 0x43,
  0x09, 0x31, 0xac, 0x3f, 0x51, 0x0c, 0xc3, 0x22, 0xf2, 0x36, 0xc2, 0xe7,
  0x23, 0x1d, 0xd6, 0x41, 0x3a, 0xd8, 0x04, 0x38, 0x57, 0xff, 0xea, 0xc1,
  0x74, 0xf6, 0xf9, 0x0b, 0x12, 0xe6, 0x5f, 0xd9, 0x2b, 0x4a, 0xe4, 0x3c,
  0xa8, 0xe5, 0xfb, 0xe8, 0xd0, 0xe2, 0xbb, 0xcf, 0x02, 0x45, 0xce, 0xf7,
  0xf7, 0x07, 0xb2, 0x0d, 0xf3, 0x07, 0x04, 0x06, 0x30, 0xaf, 0xaf, 0xf6,
  0x4a, 0x29, 0xea, 0xc6, 0xb9, 0xfd, 0xf3, 0xe9, 0xe2, 0x0d, 0x22, 0x50,
  0xd7, 0x24, 0xf8, 0x24, 0x4f, 0xc5, 0xe3, 0xbc, 0xc4, 0x54, 0x41, 0xe8,
  0x35, 0xe0, 0xcf, 0x12, 0x10, 0xf2, 0x09, 0xea, 0xbf, 0x32, 0xfa, 0xd2,
  0xdc, 0x2b, 0x39, 0x07, 0xca, 0x66, 0xfe, 0x0b, 0xc8, 0x6b, 0xdc, 0xcf,
  0x4b, 0x33, 0x4b, 0x0a, 0xef, 0x41, 0x19, 0x49, 0xf2, 0xf4, 0xe8, 0x05,
  0xc9, 0xcf, 0x4d, 0x23, 0xba, 0x08, 0xdc, 0x2e, 0x03, 0xb1, 0xc3, 0x1c,
  0x1d, 0x1c, 0x3e, 0x3f, 0x0e, 0x5d, 0xc2, 0x0d, 0xd4, 0x48, 0x3a, 0x4b,
  0x07, 0xd9, 0x25, 0x17, 0x49, 0x4a, 0xf0, 0x35, 0x61, 0xbc, 0x47, 0x28,
  0x4e, 0x16, 0xff, 0x4f, 0xbf, 0x1d, 0xfc, 0x10, 0x3d, 0xf3, 0xd7, 0x23,
  0xef, 0xed, 0x0a, 0x11, 0xe0, 0xea, 0xce, 0xde, 0x00, 0x38, 0xcc, 0x3d,
  0xf4, 0x3c, 0x0d, 0xfd, 0x5f, 0xd6, 0xc2, 0x12, 0x3d, 0xc4, 0x9a, 0xfd,
  0x4f, 0xaa, 0xde, 0xdf, 0x9d, 0xbd, 0x25, 0xb9, 0x14, 0x10, 0x21, 0x43,
  0xff, 0xc3, 0x23, 0xf8, 0x22, 0xeb, 0xf7, 0x0f, 0xb0, 0xf7, 0xac, 0x1e,
  0x04, 0xee, 0xd5, 0xfe, 0x5a, 0xc3, 0xb6, 0x51, 0xcb, 0x46, 0x28, 0xd3,
  0x3a, 0x30, 0x9d, 0x03, 0x48, 0x0f, 0x0f, 0x05, 0x32, 0x92, 0x20, 0xca,
  0x1c, 0xd8, 0xf0, 0xde, 0xe5, 0xe1, 0xdf, 0x1d, 0x00, 0xdb, 0xd2, 0x68,
  0xe7, 0x3c, 0x04, 0xb3, 0xaf, 0x18, 0xb6, 0xc7, 0xf7, 0x37, 0xdc, 0x0e,
  0xfa, 0xe9, 0x07, 0x17, 0x3b, 0xba, 0xde, 0xba, 0x3c, 0xd2, 0xd5, 0xcb,
  0xaf, 0xc1, 0x10, 0xe8, 0x28, 0xde, 0xfe, 0x38, 0x0f, 0xdc, 0x46, 0x24,
  0x9d, 0x14, 0x4e, 0xbd, 0xaa, 0x0d, 0x0d, 0xb7, 0xd5, 0x27, 0x52, 0xa8,
  0xd7, 0xf4, 0xe1, 0x36, 0xdb, 0x26, 0xd3, 0xf7, 0x0d, 0x4d, 0x68, 0xcd,
  0xa5, 0xc4, 0x28, 0xbd, 0xc7, 0x1a, 0x4b, 0xa6, 0xf7, 0x1e, 0x2f, 0xba,
  0x2f, 0x03, 0x19, 0xb5, 0xcb, 0x3d, 0x09, 0x36, 0xd9, 0xa5, 0xb5, 0xb3,
  0xef, 0xfb, 0x36, 0x27, 0xc1, 0x24, 0xe5, 0x2c, 0x42, 0x18, 0x0c, 0x10,
  0x01, 0xbd, 0xec, 0x24, 0x14, 0xf8, 0xe0, 0xe8, 0xd9, 0xde, 0xce, 0x0e,
  0x33, 0xfa, 0xfe, 0x9d, 0xc0, 0xb5, 0xbf, 0xdb, 0x3b, 0xc3, 0xe2, 0xc5,
  0xd0, 0x36, 0x42, 0xc6, 0x5c, 0x21, 0xff, 0x08, 0x3c, 0x46, 0xff, 0xfa,
  0x0a, 0x00, 0xf0, 0xeb, 0xcd, 0x41, 0xda, 0x05, 0xf4, 0x4b, 0xbd, 0x20,
  0x02, 0xee, 0xff, 0xa6, 0x27, 0x34, 0xc9, 0x11, 0xb7, 0x22, 0x10, 0x05,
  0xbd, 0x15, 0xe7, 0xd9, 0xcf, 0xeb, 0x40, 0xe4, 0x39, 0xf8, 0xcd, 0xfa,
  0x58, 0xf3, 0x3a, 0x50, 0xc5, 0xdc, 0x41, 0xad, 0xc1, 0x5f, 0x41, 0xec,
  0xba, 0xe9, 0xb7, 0xf7, 0x40, 0x4e, 0x0c, 0xe6, 0x9a, 0xce, 0xe6, 0xd4,
  0x4e, 0xa5, 0x0d, 0xf2, 0x20, 0x1b, 0xe5, 0x2e, 0xe8, 0xcd, 0x35, 0x03,
  0xe6, 0x5d, 0xec, 0xeb, 0xd5, 0x48, 0x59, 0x19, 0x0f, 0xd1, 0xf2, 0x46,
  0xd5, 0xf4, 0x04, 0x41, 0x32, 0xd5, 0x54, 0x1d, 0xc0, 0x9d, 0xd1, 0x13,
  0xee, 0xf6, 0x5b, 0x37, 0x11, 0x57, 0xd6, 0xe7, 0x28, 0xd6, 0xb3, 0x3a,
  0x54, 0x6a, 0x2b, 0xd6, 0xdb, 0xfc, 0x3f, 0x39, 0xc0, 0x4a, 0x48, 0xf2,
  0xaa, 0x43, 0x3f, 0xe6, 0xca, 0x33, 0x2b, 0xe1, 0xc2, 0xd1, 0xea, 0xef,
  0x42, 0xd3, 0xde, 0x98, 0xc5, 0x34, 0x0c, 0x06, 0x01, 0x17, 0x0f, 0x58,
  0x4e, 0x37, 0xc8, 0x2d, 0xd8, 0x13, 0xee, 0xb4, 0x10, 0x33, 0x58, 0xf6,
  0x0b, 0xe0, 0x34, 0xe2, 0xb7, 0x27, 0xc8, 0x05, 0x0f, 0x01, 0xbe, 0xbd,
  0x45, 0x28, 0xef, 0x50, 0xce, 0x46, 0xba, 0x55, 0x67, 0x15, 0xc3, 0xe4,
  0xe1, 0xf4, 0xdb, 0xb6, 0xd7, 0x2b, 0xbf, 0xef, 0xe5, 0xe3, 0xc7, 0xfb,
  0x2f, 0xb9, 0xee, 0xf3, 0x14, 0x52, 0x09, 0xee, 0xd0, 0x28, 0x13, 0xe8,
  0xb6, 0x1d, 0xea, 0x0c, 0x3b, 0xcb, 0x2a, 0x07, 0x22, 0x24, 0xaa, 0x19,
  0xbd, 0xcf, 0xf8, 0xc0, 0xf1, 0xd0, 0xee, 0xcb, 0x14, 0x3c, 0x22, 0xcc,
  0xd8, 0xbb, 0xcb, 0xd2, 0xa8, 0x23, 0x25, 0xb2, 0xc4, 0xa7, 0x17, 0x0e,
  0xf8, 0xee, 0xbb, 0x99, 0xfb, 0xc0, 0x44, 0x00, 0x15, 0xf3, 0x0c, 0xb3,
  0x5a, 0x4d, 0xfe, 0x25, 0xda, 0xfa, 0x1a, 0x2a, 0x25, 0x16, 0x08, 0xe3,
  0x26, 0xb8, 0xeb, 0x18, 0x44, 0xff, 0xfd, 0xe3, 0xf4, 0xff, 0xba, 0x22,
  0x46, 0xc5, 0x4e, 0x07, 0xfe, 0x18, 0x24, 0x32, 0xea, 0x24, 0xe5, 0xc0,
  0x4b, 0xe5, 0xac, 0xe3, 0x2a, 0xc1, 0xb7, 0x48, 0xc1, 0x10, 0xde, 0xcf,
  0x46, 0xf0, 0xe8, 0x38, 0x19, 0xb3, 0xea, 0x46, 0xff, 0xff, 0xf9, 0x23,
  0x3d, 0x1c, 0x3e, 0x37, 0xe8, 0x5c, 0x3b, 0xbb, 0x3c, 0x15, 0xcb, 0x39,
  0xe0, 0x0b, 0x1a, 0xf7, 0x11, 0xa1, 0xd9, 0x09, 0x1e, 0x11, 0x2c, 0xf6,
  0x48, 0x5a, 0xcb, 0xe0, 0x13, 0xc4, 0xe1, 0x18, 0xb7, 0x30, 0x07, 0x54,
  0xed, 0xfc, 0xf0, 0x10, 0xba, 0x42, 0xa0, 0xda, 0xfa, 0xa2, 0xff, 0x36,
  0xc3, 0xd6, 0x22, 0x31, 0xfa, 0x08, 0xd1, 0x0a, 0x32, 0x14, 0x1d, 0xb5,
  0x0f, 0xb8, 0xc3, 0x2e, 0x02, 0x31, 0x29, 0xf0, 0x1d, 0x25, 0xda, 0xf5,
  0x31, 0x51, 0xb7, 0x11, 0xdb, 0x01, 0x4a, 0xe2, 0x43, 0x4c, 0xec, 0x00,
  0x27, 0x06, 0x58, 0x4c, 0xe1, 0xc4, 0xe8, 0x2e, 0x4f, 0xef, 0xdf, 0x4a,
  0x2f, 0x33, 0x23, 0x2c, 0x14, 0xd4, 0xd5, 0x07, 0x48, 0x37, 0x1e, 0xff,
  0xe9, 0xf4, 0xe2, 0xb7, 0x40, 0x43, 0xea, 0x0c, 0xd6, 0x30, 0x45, 0x28,
  0x48, 0x58, 0x13, 0x22, 0xe2, 0xab, 0xdd, 0x00, 0xcb, 0x26, 0x39, 0xdf,
  0xdb, 0xcc, 0x33, 0x29, 0x02, 0xb6, 0xd6, 0xcf, 0xc6, 0xe8, 0xf1, 0xef,
  0xbd, 0x38, 0x27, 0x0c, 0x4d, 0xe7, 0x47, 0x38, 0xf2, 0x61, 0xde, 0xb0,
  0x16, 0x61, 0xe7, 0x2b, 0x09, 0xfe, 0xff, 0xa2, 0xd3, 0xf5, 0xf3, 0xf5,
  0x1b, 0xc3, 0xc2, 0x04, 0xb8, 0xd6, 0xb0, 0xfe, 0x3e, 0x04, 0x14, 0xe3,
  0x3c, 0x2f, 0xcb, 0xb9, 0xd0, 0xe1, 0xcf, 0xbf, 0x2d, 0xcc, 0xc5, 0x33,
  0x07, 0x1c, 0xc4, 0x11, 0x25, 0x1d, 0x21, 0xe6, 0x0f, 0xfb, 0xf4, 0x2f,
  0xdf, 0xe4, 0x1b, 0x31, 0xf0, 0x09, 0x1f, 0x02, 0x11, 0xb5, 0x46, 0xc9,
  0x1e, 0x3f, 0x9d, 0x16, 0x2b, 0xd3, 0x06, 0x04, 0xac, 0xa1, 0xf1, 0x67,
  0x10, 0x62, 0x02, 0x58, 0xf8, 0x28, 0x43, 0xef, 0x2f, 0x00, 0x03, 0xc2,
  0xf7, 0xe7, 0x1f, 0x04, 0x22, 0xc5, 0x64, 0xd4, 0x43, 0x20, 0x49, 0x38,
  0xe9, 0x57, 0xd6, 0xc3, 0xe9, 0xc7, 0x09, 0xb4, 0xaf, 0xd8, 0xab, 0xd9,
  0x07, 0x07, 0xe2, 0xf2, 0xf9, 0xbe, 0x27, 0x99, 0xdd, 0xf3, 0x25, 0x33,
  0xc9, 0xc2, 0x28, 0x3f, 0xfa, 0xc0, 0x02, 0xbb, 0xf9, 0xfc, 0x65, 0xa9,
  0x0b, 0x25, 0x38, 0x02, 0xdc, 0xf4, 0xcb, 0xd1, 0xb5, 0xce, 0x51, 0x1f,
  0xe2, 0x0d, 0xa2, 0xf0, 0x07, 0xe3, 0xcc, 0xd6, 0x35, 0x2f, 0x16, 0x0d,
  0x11, 0x20, 0x52, 0xe6, 0x1d, 0x18, 0xfc, 0xfb, 0x65, 0x20, 0x43, 0xdc,
  0xfb, 0xb7, 0x42, 0xb4, 0xdf, 0xfb, 0xbe, 0xc8, 0xb2, 0xdd, 0xe9, 0xbe,
  0xb8, 0xc4, 0xcb, 0xd4, 0xca, 0xb6, 0xc8, 0x50, 0xb4, 0x2c, 0xe6, 0x13,
  0x2b, 0x46, 0x02, 0xae, 0xed, 0xca, 0x16, 0xa4, 0xdd, 0xfc, 0xe7, 0xc8,
  0xc9, 0xbb, 0xf6, 0xe5, 0xcb, 0x39, 0xfe, 0x27, 0xef, 0xeb, 0xda, 0x14,
  0x34, 0xec, 0xc8, 0x42, 0x0d, 0x35, 0xf3, 0xec, 0xe1, 0x0c, 0xe4, 0x48,
  0x04, 0xf0, 0x0f, 0x26, 0x3a, 0xbc, 0xb3, 0x02, 0xaa, 0xdf, 0xe1, 0x05,
  0xbb, 0xbf, 0x11, 0xf3, 0x10, 0x25, 0xe8, 0xad, 0xdc, 0xf4, 0xd4, 0x27,
  0xf2, 0x3a, 0x28, 0xba, 0x38, 0x38, 0xf8, 0x40, 0xb1, 0x18, 0x1c, 0x1a,
  0xbd, 0x02, 0x32, 0xae, 0x28, 0x0a, 0x5e, 0x32, 0xd7, 0xc3, 0xd8, 0xd3,
  0x2c, 0x22, 0x0f, 0xcb, 0x5a, 0xfa, 0xeb, 0xf8, 0x1a, 0xd1, 0xbf, 0x04,
  0x34, 0xbf, 0x1e, 0xd5, 0x17, 0xf7, 0x26, 0x17, 0x1a, 0xfb, 0xff, 0xff,
  0x04, 0x00, 0x00, 0x00, 0x80, 0x00, 0x00, 0x00, 0x9f, 0x00, 0x00, 0x00,
  0x12, 0x02, 0x00, 0x00, 0x7b, 0xff, 0xff, 0xff, 0xf1, 0xff, 0xff, 0xff,
  0x27, 0x00, 0x00, 0x00, 0xfc, 0x00, 0x00, 0x00, 0x0b, 0x01, 0x00, 0x00,
  0x0e, 0x01, 0x00, 0x00, 0x2f, 0xff, 0xff, 0xff, 0x8f, 0xff, 0xff, 0xff,
  0xcb, 0xff, 0xff, 0xff, 0x10, 0x01, 0x00, 0x00, 0xff, 0xff, 0xff, 0xff,
  0xd4, 0xff, 0xff, 0xff, 0x7d, 0x00, 0x00, 0x00, 0x41, 0x02, 0x00, 0x00,
  0xbd, 0xfe, 0xff, 0xff, 0xbb, 0xfe, 0xff, 0xff, 0xbf, 0x00, 0x00, 0x00,
  0xe0, 0x00, 0x00, 0x00, 0x61, 0x01, 0x00, 0x00, 0x4a, 0x01, 0x00, 0x00,
  0x62, 0xfe, 0xff, 0xff, 0x9a, 0x00, 0x00, 0x00, 0x5f, 0x01, 0x00, 0x00,
  0xa2, 0x01, 0x00, 0x00, 0x31, 0x01, 0x00, 0x00, 0x6b, 0xff, 0xff, 0xff,
  0x9f, 0xff, 0xff, 0xff, 0x13, 0x01, 0x00, 0x00, 0xf5, 0x00, 0x00, 0x00,
  0xe1, 0xff, 0xff, 0xff, 0xa6, 0xfb, 0xff, 0xff, 0x04, 0x00, 0x00, 0x00,
  0xc0, 0x00, 0x00, 0x00, 0x68, 0xc3, 0xbf, 0xd0, 0xb9, 0xf9, 0x2c, 0xad,
  0xe0, 0xab, 0xc2, 0xb8, 0x33, 0xc9, 0x16, 0x45, 0x22, 0xd5, 0xc1, 0xb0,
  0x2e, 0xca, 0xde, 0x10, 0xcc, 0xe0, 0xc0, 0x66, 0x0b, 0x39, 0xa7, 0xf8,
  0xcb, 0x98, 0x32, 0x45, 0xfa, 0xe5, 0x28, 0x41, 0x35, 0xd8, 0x13, 0x19,
  0x2e, 0x9d, 0x12, 0x81, 0xf6, 0x3a, 0xd8, 0x27, 0xe1, 0x0b, 0x14, 0xb5,
  0xd1, 0xa5, 0xd5, 0x21, 0x38, 0x2a, 0x08, 0xde, 0x45, 0x41, 0xe9, 0xf7,
  0xeb, 0x08, 0xa4, 0xb2, 0xf1, 0xd7, 0xab, 0x6b, 0xf5, 0xf6, 0x08, 0xd5,
  0xb8, 0xd0, 0x20, 0x13, 0xe6, 0xe4, 0x92, 0x20, 0xcd, 0x56, 0x52, 0xe2,
  0x9f, 0xe2, 0x04, 0x46, 0x89, 0x92, 0xd6, 0x21, 0x02, 0x19, 0x56, 0x73,
  0x61, 0xc9, 0xe1, 0xff, 0xfe, 0x3c, 0x4c, 0x43, 0xb0, 0xb3, 0x41, 0x2d,
  0x26, 0x2a, 0xe2, 0xc2, 0x47, 0x56, 0x97, 0x34, 0x32, 0x4b, 0x5c, 0xc8,
  0x2a, 0x34, 0x33, 0x15, 0x0a, 0x5c, 0xa8, 0x0f, 0x0b, 0xb6, 0x40, 0xc5,
  0x9f, 0xa7, 0xb1, 0xbd, 0x10, 0x2b, 0xc8, 0xcc, 0x90, 0x95, 0xe7, 0xfb,
  0x27, 0xce, 0xdc, 0xfe, 0x18, 0xaa, 0xf4, 0xa1, 0xaa, 0x34, 0xac, 0x9d,
  0x76, 0xeb, 0xf0, 0x96, 0x22, 0x1b, 0x3a, 0x93, 0x8a, 0x9b, 0x5d, 0xff,
  0xf0, 0xdd, 0x90, 0xda, 0xa0, 0x67, 0xe0, 0x79, 0x51, 0xc2, 0x0c, 0xa4,
  0xc7, 0xc2, 0xd9, 0x07, 0x72, 0xfc, 0xff, 0xff, 0x04, 0x00, 0x00, 0x00,
  0x18, 0x00, 0x00, 0x00, 0xba, 0xff, 0xff, 0xff, 0x70, 0xff, 0xff, 0xff,
  0x6f, 0x00, 0x00, 0x00, 0x4c, 0x00, 0x00, 0x00, 0x1d, 0x00, 0x00, 0x00,
  0xf7, 0xff, 0xff, 0xff, 0x96, 0xfc, 0xff, 0xff, 0x04, 0x00, 0x00, 0x00,
  0x08, 0x00, 0x00, 0x00, 0xff, 0xff, 0xff, 0xff, 0x80, 0x00, 0x00, 0x00,
  0xa0, 0xe9, 0xff, 0xff, 0xa4, 0xe9, 0xff, 0xff, 0x0f, 0x00, 0x00, 0x00,
  0x4d, 0x4c, 0x49, 0x52, 0x20, 0x43, 0x6f, 0x6e, 0x76, 0x65, 0x72, 0x74,
  0x65, 0x64, 0x2e, 0x00, 0x01, 0x00, 0x00, 0x00, 0x14, 0x00, 0x00, 0x00,
  0x00, 0x00, 0x0e, 0x00, 0x18, 0x00, 0x14, 0x00, 0x10, 0x00, 0x0c, 0x00,
  0x08, 0x00, 0x04, 0x00, 0x0e, 0x00, 0x00, 0x00, 0x14, 0x00, 0x00, 0x00,
  0x1c, 0x00, 0x00, 0x00, 0x88, 0x03, 0x00, 0x00, 0x8c, 0x03, 0x00, 0x00,
  0x90, 0x03, 0x00, 0x00, 0x04, 0x00, 0x00, 0x00, 0x6d, 0x61, 0x69, 0x6e,
  0x00, 0x00, 0x00, 0x00, 0x0e, 0x00, 0x00, 0x00, 0x28, 0x03, 0x00, 0x00,
  0xdc, 0x02, 0x00, 0x00, 0x78, 0x02, 0x00, 0x00, 0x3c, 0x02, 0x00, 0x00,
  0x08, 0x02, 0x00, 0x00, 0xc4, 0x01, 0x00, 0x00, 0x88, 0x01, 0x00, 0x00,
  0x54, 0x01, 0x00, 0x00, 0x10, 0x01, 0x00, 0x00, 0xe8, 0x00, 0x00, 0x00,
  0xa4, 0x00, 0x00, 0x00, 0x70, 0x00, 0x00, 0x00, 0x38, 0x00, 0x00, 0x00,
  0x04, 0x00, 0x00, 0x00, 0x66, 0xfd, 0xff, 0xff, 0x14, 0x00, 0x00, 0x00,
  0x00, 0x00, 0x00, 0x09, 0x14, 0x00, 0x00, 0x00, 0x18, 0x00, 0x00, 0x00,
  0x05, 0x00, 0x00, 0x00, 0x56, 0xfd, 0xff, 0xff, 0x00, 0x00, 0x80, 0x3f,
  0x01, 0x00, 0x00, 0x00, 0x19, 0x00, 0x00, 0x00, 0x01, 0x00, 0x00, 0x00,
  0x18, 0x00, 0x00, 0x00, 0x96, 0xfd, 0xff, 0xff, 0x14, 0x00, 0x00, 0x00,
  0x00, 0x00, 0x00, 0x08, 0x10, 0x00, 0x00, 0x00, 0x14, 0x00, 0x00, 0x00,
  0x04, 0x00, 0x00, 0x00, 0x7c, 0xea, 0xff, 0xff, 0x01, 0x00, 0x00, 0x00,
  0x18, 0x00, 0x00, 0x00, 0x03, 0x00, 0x00, 0x00, 0x17, 0x00, 0x00, 0x00,
  0x03, 0x00, 0x00, 0x00, 0x02, 0x00, 0x00, 0x00, 0xca, 0xfd, 0xff, 0xff,
  0x14, 0x00, 0x00, 0x00, 0x00, 0x00, 0x00, 0x4b, 0x14, 0x00, 0x00, 0x00,
  0x18, 0x00, 0x00, 0x00, 0x01, 0x00, 0x00, 0x00, 0xba, 0xfd, 0xff, 0xff,
  0xcd, 0xcc, 0xcc, 0x3d, 0x01, 0x00, 0x00, 0x00, 0x17, 0x00, 0x00, 0x00,
  0x01, 0x00, 0x00, 0x00, 0x16, 0x00, 0x00, 0x00, 0xfa, 0xfd, 0xff, 0xff,
  0x14, 0x00, 0x00, 0x00, 0x00, 0x00, 0x00, 0x08, 0x10, 0x00, 0x00, 0x00,
  0x14, 0x00, 0x00, 0x00, 0x04, 0x00, 0x00, 0x00, 0xe0, 0xea, 0xff, 0xff,
  0x01, 0x00, 0x00, 0x00, 0x16, 0x00, 0x00, 0x00, 0x03, 0x00, 0x00, 0x00,
  0x15, 0x00, 0x00, 0x00, 0x05, 0x00, 0x00, 0x00, 0x04, 0x00, 0x00, 0x00,
  0x00, 0x00, 0x0a, 0x00, 0x10, 0x00, 0x0c, 0x00, 0x08, 0x00, 0x04, 0x00,
  0x0a, 0x00, 0x00, 0x00, 0x0c, 0x00, 0x00, 0x00, 0x10, 0x00, 0x00, 0x00,
  0x03, 0x00, 0x00, 0x00, 0x01, 0x00, 0x00, 0x00, 0x15, 0x00, 0x00, 0x00,
  0x02, 0x00, 0x00, 0x00, 0x14, 0x00, 0x00, 0x00, 0x01, 0x00, 0x00, 0x00,
  0x5e, 0xfe, 0xff, 0xff, 0x14, 0x00, 0x00, 0x00, 0x00, 0x00, 0x00, 0x05,
  0x24, 0x00, 0x00, 0x00, 0x28, 0x00, 0x00, 0x00, 0x02, 0x00, 0x00, 0x00,
  0xae, 0xfe, 0xff, 0xff, 0x02, 0x00, 0x00, 0x00, 0x02, 0x00, 0x00, 0x00,
  0x02, 0x00, 0x00, 0x00, 0x02, 0x00, 0x00, 0x00, 0x00, 0x00, 0x00, 0x01,
  0x01, 0x00, 0x00, 0x00, 0x14, 0x00, 0x00, 0x00, 0x01, 0x00, 0x00, 0x00,
  0x13, 0x00, 0x00, 0x00, 0x9e, 0xfe, 0xff, 0xff, 0x14, 0x00, 0x00, 0x00,
  0x00, 0x00, 0x00, 0x4b, 0x14, 0x00, 0x00, 0x00, 0x18, 0x00, 0x00, 0x00,
  0x01, 0x00, 0x00, 0x00, 0x8e, 0xfe, 0xff, 0xff, 0xcd, 0xcc, 0xcc, 0x3d,
  0x01, 0x00, 0x00, 0x00, 0x13, 0x00, 0x00, 0x00, 0x01, 0x00, 0x00, 0x00,
  0x12, 0x00, 0x00, 0x00, 0x86, 0xfe, 0xff, 0xff, 0x10, 0x00, 0x00, 0x00,
  0x00, 0x00, 0x00, 0x01, 0x14, 0x00, 0x00, 0x00, 0x18, 0x00, 0x00, 0x00,
  0x76, 0xfe, 0xff, 0xff, 0x01, 0x00, 0x00, 0x00, 0x01, 0x00, 0x00, 0x00,
  0x01, 0x00, 0x00, 0x00, 0x12, 0x00, 0x00, 0x00, 0x03, 0x00, 0x00, 0x00,
  0x11, 0x00, 0x00, 0x00, 0x07, 0x00, 0x00, 0x00, 0x06, 0x00, 0x00, 0x00,
  0x06, 0xff, 0xff, 0xff, 0x14, 0x00, 0x00, 0x00, 0x00, 0x00, 0x00, 0x05,
  0x24, 0x00, 0x00, 0x00, 0x28, 0x00, 0x00, 0x00, 0x02, 0x00, 0x00, 0x00,
  0x56, 0xff, 0xff, 0xff, 0x02, 0x00, 0x00, 0x00, 0x02, 0x00, 0x00, 0x00,
  0x02, 0x00, 0x00, 0x00, 0x02, 0x00, 0x00, 0x00, 0x00, 0x00, 0x00, 0x01,
  0x01, 0x00, 0x00, 0x00, 0x11, 0x00, 0x00, 0x00, 0x01, 0x00, 0x00, 0x00,
  0x10, 0x00, 0x00, 0x00, 0x46, 0xff, 0xff, 0xff, 0x14, 0x00, 0x00, 0x00,
  0x00, 0x00, 0x00, 0x4b, 0x14, 0x00, 0x00, 0x00, 0x18, 0x00, 0x00, 0x00,
  0x01, 0x00, 0x00, 0x00, 0x36, 0xff, 0xff, 0xff, 0xcd, 0xcc, 0xcc, 0x3d,
  0x01, 0x00, 0x00, 0x00, 0x10, 0x00, 0x00, 0x00, 0x01, 0x00, 0x00, 0x00,
  0x0f, 0x00, 0x00, 0x00, 0x2e, 0xff, 0xff, 0xff, 0x10, 0x00, 0x00, 0x00,
  0x00, 0x00, 0x00, 0x01, 0x14, 0x00, 0x00, 0x00, 0x18, 0x00, 0x00, 0x00,
  0x1e, 0xff, 0xff, 0xff, 0x01, 0x00, 0x00, 0x00, 0x01, 0x00, 0x00, 0x00,
  0x01, 0x00, 0x00, 0x00, 0x0f, 0x00, 0x00, 0x00, 0x03, 0x00, 0x00, 0x00,
  0x0e, 0x00, 0x00, 0x00, 0x09, 0x00, 0x00, 0x00, 0x08, 0x00, 0x00, 0x00,
  0xae, 0xff, 0xff, 0xff, 0x24, 0x00, 0x00, 0x00, 0x00, 0x00, 0x00, 0x05,
  0x34, 0x00, 0x00, 0x00, 0x38, 0x00, 0x00, 0x00, 0x02, 0x00, 0x00, 0x00,
  0x00, 0x00, 0x0e, 0x00, 0x18, 0x00, 0x17, 0x00, 0x10, 0x00, 0x0c, 0x00,
  0x08, 0x00, 0x04, 0x00, 0x0e, 0x00, 0x00, 0x00, 0x02, 0x00, 0x00, 0x00,
  0x02, 0x00, 0x00, 0x00, 0x02, 0x00, 0x00, 0x00, 0x02, 0x00, 0x00, 0x00,
  0x00, 0x00, 0x00, 0x01, 0x01, 0x00, 0x00, 0x00, 0x0e, 0x00, 0x00, 0x00,
  0x01, 0x00, 0x00, 0x00, 0x0d, 0x00, 0x00, 0x00, 0x00, 0x00, 0x0e, 0x00,
  0x1a, 0x00, 0x14, 0x00, 0x10, 0x00, 0x0c, 0x00, 0x0b, 0x00, 0x04, 0x00,
  0x0e, 0x00, 0x00, 0x00, 0x1c, 0x00, 0x00, 0x00, 0x00, 0x00, 0x00, 0x4b,
  0x1c, 0x00, 0x00, 0x00, 0x20, 0x00, 0x00, 0x00, 0x01, 0x00, 0x00, 0x00,
  0x00, 0x00, 0x06, 0x00, 0x08, 0x00, 0x04, 0x00, 0x06, 0x00, 0x00, 0x00,
  0xcd, 0xcc, 0xcc, 0x3d, 0x01, 0x00, 0x00, 0x00, 0x0d, 0x00, 0x00, 0x00,
  0x01, 0x00, 0x00, 0x00, 0x0c, 0x00, 0x00, 0x00, 0x00, 0x00, 0x0e, 0x00,
  0x16, 0x00, 0x00, 0x00, 0x10, 0x00, 0x0c, 0x00, 0x0b, 0x00, 0x04, 0x00,
  0x0e, 0x00, 0x00, 0x00, 0x1c, 0x00, 0x00, 0x00, 0x00, 0x00, 0x00, 0x01,
  0x20, 0x00, 0x00, 0x00, 0x24, 0x00, 0x00, 0x00, 0x00, 0x00, 0x0a, 0x00,
  0x0c, 0x00, 0x00, 0x00, 0x08, 0x00, 0x04, 0x00, 0x0a, 0x00, 0x00, 0x00,
  0x01, 0x00, 0x00, 0x00, 0x01, 0x00, 0x00, 0x00, 0x01, 0x00, 0x00, 0x00,
  0x0c, 0x00, 0x00, 0x00, 0x03, 0x00, 0x00, 0x00, 0x00, 0x00, 0x00, 0x00,
  0x0b, 0x00, 0x00, 0x00, 0x0a, 0x00, 0x00, 0x00, 0x01, 0x00, 0x00, 0x00,
  0x19, 0x00, 0x00, 0x00, 0x01, 0x00, 0x00, 0x00, 0x00, 0x00, 0x00, 0x00,
  0x1a, 0x00, 0x00, 0x00, 0xcc, 0x12, 0x00, 0x00, 0x64, 0x12, 0x00, 0x00,
  0xd0, 0x11, 0x00, 0x00, 0x64, 0x11, 0x00, 0x00, 0xf0, 0x10, 0x00, 0x00,
  0x84, 0x10, 0x00, 0x00, 0x98, 0x0e, 0x00, 0x00, 0xac, 0x0c, 0x00, 0x00,
  0x80, 0x0b, 0x00, 0x00, 0x54, 0x0a, 0x00, 0x00, 0x88, 0x09, 0x00, 0x00,
  0xbc, 0x08, 0x00, 0x00, 0xf0, 0x07, 0x00, 0x00, 0x54, 0x07, 0x00, 0x00,
  0xc0, 0x06, 0x00, 0x00, 0xec, 0x05, 0x00, 0x00, 0x50, 0x05, 0x00, 0x00,
  0xbc, 0x04, 0x00, 0x00, 0xe8, 0x03, 0x00, 0x00, 0x4c, 0x03, 0x00, 0x00,
  0xb8, 0x02, 0x00, 0x00, 0x3c, 0x02, 0x00, 0x00, 0xa8, 0x01, 0x00, 0x00,
  0x1c, 0x01, 0x00, 0x00, 0x80, 0x00, 0x00, 0x00, 0x04, 0x00, 0x00, 0x00,
  0xb2, 0xed, 0xff, 0xff, 0x00, 0x00, 0x00, 0x01, 0x18, 0x00, 0x00, 0x00,
  0x20, 0x00, 0x00, 0x00, 0x3c, 0x00, 0x00, 0x00, 0x1a, 0x00, 0x00, 0x00,
  0x00, 0x00, 0x00, 0x09, 0x50, 0x00, 0x00, 0x00, 0x02, 0x00, 0x00, 0x00,
  0xff, 0xff, 0xff, 0xff, 0x06, 0x00, 0x00, 0x00, 0x94, 0xed, 0xff, 0xff,
  0x08, 0x00, 0x00, 0x00, 0x10, 0x00, 0x00, 0x00, 0x01, 0x00, 0x00, 0x00,
  0x80, 0xff, 0xff, 0xff, 0xff, 0xff, 0xff, 0xff, 0x01, 0x00, 0x00, 0x00,
  0x00, 0x00, 0x80, 0x3b, 0x19, 0x00, 0x00, 0x00, 0x53, 0x74, 0x61, 0x74,
  0x65, 0x66, 0x75, 0x6c, 0x50, 0x61, 0x72, 0x74, 0x69, 0x74, 0x69, 0x6f,
  0x6e, 0x65, 0x64, 0x43, 0x61, 0x6c, 0x6c, 0x3a, 0x30, 0x00, 0x00, 0x00,
  0x02, 0x00, 0x00, 0x00, 0x01, 0x00, 0x00, 0x00, 0x06, 0x00, 0x00, 0x00,
  0x2a, 0xee, 0xff, 0xff, 0x00, 0x00, 0x00, 0x01, 0x18, 0x00, 0x00, 0x00,
  0x20, 0x00, 0x00, 0x00, 0x40, 0x00, 0x00, 0x00, 0x19, 0x00, 0x00, 0x00,
  0x00, 0x00, 0x00, 0x09, 0x70, 0x00, 0x00, 0x00, 0x02, 0x00, 0x00, 0x00,
  0xff, 0xff, 0xff, 0xff, 0x06, 0x00, 0x00, 0x00, 0x0c, 0xee, 0xff, 0xff,
  0x08, 0x00, 0x00, 0x00, 0x14, 0x00, 0x00, 0x00, 0x01, 0x00, 0x00, 0x00,
  0x1a, 0x00, 0x00, 0x00, 0x00, 0x00, 0x00, 0x00, 0x00, 0x00, 0x00, 0x00,
  0x01, 0x00, 0x00, 0x00, 0x7d, 0x4f, 0xd1, 0x3d, 0x34, 0x00, 0x00, 0x00,
  0x73, 0x65, 0x71, 0x75, 0x65, 0x6e, 0x74, 0x69, 0x61, 0x6c, 0x2f, 0x64,
  0x65, 0x6e, 0x73, 0x65, 0x5f, 0x31, 0x2f, 0x4d, 0x61, 0x74, 0x4d, 0x75,
  0x6c, 0x3b, 0x73, 0x65, 0x71, 0x75, 0x65, 0x6e, 0x74, 0x69, 0x61, 0x6c,
  0x2f, 0x64, 0x65, 0x6e, 0x73, 0x65, 0x5f, 0x31, 0x2f, 0x42, 0x69, 0x61,
  0x73, 0x41, 0x64, 0x64, 0x00, 0x00, 0x00, 0x00, 0x02, 0x00, 0x00, 0x00,
  0x01, 0x00, 0x00, 0x00, 0x06, 0x00, 0x00, 0x00, 0xc2, 0xee, 0xff, 0xff,
  0x00, 0x00, 0x00, 0x01, 0x18, 0x00, 0x00, 0x00, 0x20, 0x00, 0x00, 0x00,
  0x40, 0x00, 0x00, 0x00, 0x18, 0x00, 0x00, 0x00, 0x00, 0x00, 0x00, 0x09,
  0x60, 0x00, 0x00, 0x00, 0x02, 0x00, 0x00, 0x00, 0xff, 0xff, 0xff, 0xff,
  0x20, 0x00, 0x00, 0x00, 0xa4, 0xee, 0xff, 0xff, 0x08, 0x00, 0x00, 0x00,
  0x14, 0x00, 0x00, 0x00, 0x01, 0x00, 0x00, 0x00, 0x9a, 0xff, 0xff, 0xff,
  0xff, 0xff, 0xff, 0xff, 0x00, 0x00, 0x00, 0x00, 0x01, 0x00, 0x00, 0x00,
  0xbc, 0x81, 0x4e, 0x3d, 0x26, 0x00, 0x00, 0x00, 0x73, 0x65, 0x71, 0x75,
  0x65, 0x6e, 0x74, 0x69, 0x61, 0x6c, 0x2f, 0x64, 0x65, 0x6e, 0x73, 0x65,
  0x2f, 0x6c, 0x65, 0x61, 0x6b, 0x79, 0x5f, 0x72, 0x65, 0x5f, 0x6c, 0x75,
  0x2f, 0x4c, 0x65, 0x61, 0x6b, 0x79, 0x52, 0x65, 0x6c, 0x75, 0x00, 0x00,
  0x02, 0x00, 0x00, 0x00, 0x01, 0x00, 0x00, 0x00, 0x20, 0x00, 0x00, 0x00,
  0x4a, 0xef, 0xff, 0xff, 0x00, 0x00, 0x00, 0x01, 0x18, 0x00, 0x00, 0x00,
  0x20, 0x00, 0x00, 0x00, 0x3c, 0x00, 0x00, 0x00, 0x17, 0x00, 0x00, 0x00,
  0x00, 0x00, 0x00, 0x09, 0x68, 0x00, 0x00, 0x00, 0x02, 0x00, 0x00, 0x00,
  0xff, 0xff, 0xff, 0xff, 0x20, 0x00, 0x00, 0x00, 0x2c, 0xef, 0xff, 0xff,
  0x08, 0x00, 0x00, 0x00, 0x10, 0x00, 0x00, 0x00, 0x01, 0x00, 0x00, 0x00,
  0x09, 0x00, 0x00, 0x00, 0x00, 0x00, 0x00, 0x00, 0x01, 0x00, 0x00, 0x00,
  0xcf, 0x4f, 0xc7, 0x3d, 0x30, 0x00, 0x00, 0x00, 0x73, 0x65, 0x71, 0x75,
  0x65, 0x6e, 0x74, 0x69, 0x61, 0x6c, 0x2f, 0x64, 0x65, 0x6e, 0x73, 0x65,
  0x2f, 0x4d, 0x61, 0x74, 0x4d, 0x75, 0x6c, 0x3b, 0x73, 0x65, 0x71, 0x75,
  0x65, 0x6e, 0x74, 0x69, 0x61, 0x6c, 0x2f, 0x64, 0x65, 0x6e, 0x73, 0x65,
  0x2f, 0x42, 0x69, 0x61, 0x73, 0x41, 0x64, 0x64, 0x00, 0x00, 0x00, 0x00,
  0x02, 0x00, 0x00, 0x00, 0x01, 0x00, 0x00, 0x00, 0x20, 0x00, 0x00, 0x00,
  0xda, 0xef, 0xff, 0xff, 0x00, 0x00, 0x00, 0x01, 0x18, 0x00, 0x00, 0x00,
  0x20, 0x00, 0x00, 0x00, 0x3c, 0x00, 0x00, 0x00, 0x16, 0x00, 0x00, 0x00,
  0x00, 0x00, 0x00, 0x09, 0x50, 0x00, 0x00, 0x00, 0x02, 0x00, 0x00, 0x00,
  0xff, 0xff, 0xff, 0xff, 0x80, 0x00, 0x00, 0x00, 0xbc, 0xef, 0xff, 0xff,
  0x08, 0x00, 0x00, 0x00, 0x10, 0x00, 0x00, 0x00, 0x01, 0x00, 0x00, 0x00,
  0x9c, 0xff, 0xff, 0xff, 0xff, 0xff, 0xff, 0xff, 0x01, 0x00, 0x00, 0x00,
  0x00, 0x1c, 0x0b, 0x3d, 0x1a, 0x00, 0x00, 0x00, 0x73, 0x65, 0x71, 0x75,
  0x65, 0x6e, 0x74, 0x69, 0x61, 0x6c, 0x2f, 0x66, 0x6c, 0x61, 0x74, 0x74,
  0x65, 0x6e, 0x2f, 0x52, 0x65, 0x73, 0x68, 0x61, 0x70, 0x65, 0x00, 0x00,
  0x02, 0x00, 0x00, 0x00, 0x01, 0x00, 0x00, 0x00, 0x80, 0x00, 0x00, 0x00,
  0x52, 0xf0, 0xff, 0xff, 0x00, 0x00, 0x00, 0x01, 0x18, 0x00, 0x00, 0x00,
  0x28, 0x00, 0x00, 0x00, 0x44, 0x00, 0x00, 0x00, 0x15, 0x00, 0x00, 0x00,
  0x00, 0x00, 0x00, 0x09, 0x60, 0x00, 0x00, 0x00, 0x04, 0x00, 0x00, 0x00,
  0xff, 0xff, 0xff, 0xff, 0x02, 0x00, 0x00, 0x00, 0x02, 0x00, 0x00, 0x00,
  0x20, 0x00, 0x00, 0x00, 0x3c, 0xf0, 0xff, 0xff, 0x08, 0x00, 0x00, 0x00,
  0x10, 0x00, 0x00, 0x00, 0x01, 0x00, 0x00, 0x00, 0x9c, 0xff, 0xff, 0xff,
  0xff, 0xff, 0xff, 0xff, 0x01, 0x00, 0x00, 0x00, 0x00, 0x1c, 0x0b, 0x3d,
  0x22, 0x00, 0x00, 0x00, 0x73, 0x65, 0x71, 0x75, 0x65, 0x6e, 0x74, 0x69,
  0x61, 0x6c, 0x2f, 0x6d, 0x61, 0x78, 0x5f, 0x70, 0x6f, 0x6f, 0x6c, 0x69,
  0x6e, 0x67, 0x32, 0x64, 0x5f, 0x32, 0x2f, 0x4d, 0x61, 0x78, 0x50, 0x6f,
  0x6f, 0x6c, 0x00, 0x00, 0x04, 0x00, 0x00, 0x00, 0x01, 0x00, 0x00, 0x00,
  0x02, 0x00, 0x00, 0x00, 0x02, 0x00, 0x00, 0x00, 0x20, 0x00, 0x00, 0x00,
  0xe2, 0xf0, 0xff, 0xff, 0x00, 0x00, 0x00, 0x01, 0x18, 0x00, 0x00, 0x00,
  0x28, 0x00, 0x00, 0x00, 0x44, 0x00, 0x00, 0x00, 0x14, 0x00, 0x00, 0x00,
  0x00, 0x00, 0x00, 0x09, 0x68, 0x00, 0x00, 0x00, 0x04, 0x00, 0x00, 0x00,
  0xff, 0xff, 0xff, 0xff, 0x05, 0x00, 0x00, 0x00, 0x05, 0x00, 0x00, 0x00,
  0x20, 0x00, 0x00, 0x00, 0xcc, 0xf0, 0xff, 0xff, 0x08, 0x00, 0x00, 0x00,
  0x10, 0x00, 0x00, 0x00, 0x01, 0x00, 0x00, 0x00, 0x9c, 0xff, 0xff, 0xff,
  0xff, 0xff, 0xff, 0xff, 0x01, 0x00, 0x00, 0x00, 0x00, 0x1c, 0x0b, 0x3d,
  0x29, 0x00, 0x00, 0x00, 0x73, 0x65, 0x71, 0x75, 0x65, 0x6e, 0x74, 0x69,
  0x61, 0x6c, 0x2f, 0x63, 0x6f, 0x6e, 0x76, 0x32, 0x64, 0x5f, 0x32, 0x2f,
  0x6c, 0x65, 0x61, 0x6b, 0x79, 0x5f, 0x72, 0x65, 0x5f, 0x6c, 0x75, 0x2f,
  0x4c, 0x65, 0x61, 0x6b, 0x79, 0x52, 0x65, 0x6c, 0x75, 0x00, 0x00, 0x00,
  0x04, 0x00, 0x00, 0x00, 0x01, 0x00, 0x00, 0x00, 0x05, 0x00, 0x00, 0x00,
  0x05, 0x00, 0x00, 0x00, 0x20, 0x00, 0x00, 0x00, 0x7a, 0xf1, 0xff, 0xff,
  0x00, 0x00, 0x00, 0x01, 0x18, 0x00, 0x00, 0x00, 0x28, 0x00, 0x00, 0x00,
  0x44, 0x00, 0x00, 0x00, 0x13, 0x00, 0x00, 0x00, 0x00, 0x00, 0x00, 0x09,
  0xa0, 0x00, 0x00, 0x00, 0x04, 0x00, 0x00, 0x00, 0xff, 0xff, 0xff, 0xff,
  0x05, 0x00, 0x00, 0x00, 0x05, 0x00, 0x00, 0x00, 0x20, 0x00, 0x00, 0x00,
  0x64, 0xf1, 0xff, 0xff, 0x08, 0x00, 0x00, 0x00, 0x10, 0x00, 0x00, 0x00,
  0x01, 0x00, 0x00, 0x00, 0x0e, 0x00, 0x00, 0x00, 0x00, 0x00, 0x00, 0x00,
  0x01, 0x00, 0x00, 0x00, 0x5a, 0x5b, 0x8b, 0x3d, 0x61, 0x00, 0x00, 0x00,
  0x73, 0x65, 0x71, 0x75, 0x65, 0x6e, 0x74, 0x69, 0x61, 0x6c, 0x2f, 0x63,
  0x6f, 0x6e, 0x76, 0x32, 0x64, 0x5f, 0x32, 0x2f, 0x42, 0x69, 0x61, 0x73,
  0x41, 0x64, 0x64, 0x3b, 0x73, 0x65, 0x71, 0x75, 0x65, 0x6e, 0x74, 0x69,
  0x61, 0x6c, 0x2f, 0x63, 0x6f, 0x6e, 0x76, 0x32, 0x64, 0x5f, 0x32, 0x2f,
  0x43, 0x6f, 0x6e, 0x76, 0x32, 0x44, 0x3b, 0x73, 0x65, 0x71, 0x75, 0x65,
  0x6e, 0x74, 0x69, 0x61, 0x6c, 0x2f, 0x63, 0x6f, 0x6e, 0x76, 0x32, 0x64,
  0x5f, 0x32, 0x2f, 0x42, 0x69, 0x61, 0x73, 0x41, 0x64, 0x64, 0x2f, 0x52,
  0x65, 0x61, 0x64, 0x56, 0x61, 0x72, 0x69, 0x61, 0x62, 0x6c, 0x65, 0x4f,
  0x70, 0x00, 0x00, 0x00, 0x04, 0x00, 0x00, 0x00, 0x01, 0x00, 0x00, 0x00,
  0x05, 0x00, 0x00, 0x00, 0x05, 0x00, 0x00, 0x00, 0x20, 0x00, 0x00, 0x00,
  0x4a, 0xf2, 0xff, 0xff, 0x00, 0x00, 0x00, 0x01, 0x18, 0x00, 0x00, 0x00,
  0x28, 0x00, 0x00, 0x00, 0x44, 0x00, 0x00, 0x00, 0x12, 0x00, 0x00, 0x00,
  0x00, 0x00, 0x00, 0x09, 0x60, 0x00, 0x00, 0x00, 0x04, 0x00, 0x00, 0x00,
  0xff, 0xff, 0xff, 0xff, 0x05, 0x00, 0x00, 0x00, 0x05, 0x00, 0x00, 0x00,
  0x10, 0x00, 0x00, 0x00, 0x34, 0xf2, 0xff, 0xff, 0x08, 0x00, 0x00, 0x00,
  0x10, 0x00, 0x00, 0x00, 0x01, 0x00, 0x00, 0x00, 0x8d, 0xff, 0xff, 0xff,
  0xff, 0xff, 0xff, 0xff, 0x01, 0x00, 0x00, 0x00, 0x76, 0x55, 0x5c, 0x3c,
  0x22, 0x00, 0x00, 0x00, 0x73, 0x65, 0x71, 0x75, 0x65, 0x6e, 0x74, 0x69,
  0x61, 0x6c, 0x2f, 0x6d, 0x61, 0x78, 0x5f, 0x70, 0x6f, 0x6f, 0x6c, 0x69,
  0x6e, 0x67, 0x32, 0x64, 0x5f, 0x31, 0x2f, 0x4d, 0x61, 0x78, 0x50, 0x6f,
  0x6f, 0x6c, 0x00, 0x00, 0x04, 0x00, 0x00, 0x00, 0x01, 0x00, 0x00, 0x00,
  0x05, 0x00, 0x00, 0x00, 0x05, 0x00, 0x00, 0x00, 0x10, 0x00, 0x00, 0x00,
  0xda, 0xf2, 0xff, 0xff, 0x00, 0x00, 0x00, 0x01, 0x18, 0x00, 0x00, 0x00,
  0x28, 0x00, 0x00, 0x00, 0x44, 0x00, 0x00, 0x00, 0x11, 0x00, 0x00, 0x00,
  0x00, 0x00, 0x00, 0x09, 0x68, 0x00, 0x00, 0x00, 0x04, 0x00, 0x00, 0x00,
  0xff, 0xff, 0xff, 0xff, 0x0a, 0x00, 0x00, 0x00, 0x0a, 0x00, 0x00, 0x00,
  0x10, 0x00, 0x00, 0x00, 0xc4, 0xf2, 0xff, 0xff, 0x08, 0x00, 0x00, 0x00,
  0x10, 0x00, 0x00, 0x00, 0x01, 0x00, 0x00, 0x00, 0x8d, 0xff, 0xff, 0xff,
  0xff, 0xff, 0xff, 0xff, 0x01, 0x00, 0x00, 0x00, 0x76, 0x55, 0x5c, 0x3c,
  0x29, 0x00, 0x00, 0x00, 0x73, 0x65, 0x71, 0x75, 0x65, 0x6e, 0x74, 0x69,
  0x61, 0x6c, 0x2f, 0x63, 0x6f, 0x6e, 0x76, 0x32, 0x64, 0x5f, 0x31, 0x2f,
  0x6c, 0x65, 0x61, 0x6b, 0x79, 0x5f, 0x72, 0x65, 0x5f, 0x6c, 0x75, 0x2f,
  0x4c, 0x65, 0x61, 0x6b, 0x79, 0x52, 0x65, 0x6c, 0x75, 0x00, 0x00, 0x00,
  0x04, 0x00, 0x00, 0x00, 0x01, 0x00, 0x00, 0x00, 0x0a, 0x00, 0x00, 0x00,
  0x0a, 0x00, 0x00, 0x00, 0x10, 0x00, 0x00, 0x00, 0x72, 0xf3, 0xff, 0xff,
  0x00, 0x00, 0x00, 0x01, 0x18, 0x00, 0x00, 0x00, 0x28, 0x00, 0x00, 0x00,
  0x44, 0x00, 0x00, 0x00, 0x10, 0x00, 0x00, 0x00, 0x00, 0x00, 0x00, 0x09,
  0xa0, 0x00, 0x00, 0x00, 0x04, 0x00, 0x00, 0x00, 0xff, 0xff, 0xff, 0xff,
  0x0a, 0x00, 0x00, 0x00, 0x0a, 0x00, 0x00, 0x00, 0x10, 0x00, 0x00, 0x00,
  0x5c, 0xf3, 0xff, 0xff, 0x08, 0x00, 0x00, 0x00, 0x10, 0x00, 0x00, 0x00,
  0x01, 0x00, 0x00, 0x00, 0xd8, 0xff, 0xff, 0xff, 0xff, 0xff, 0xff, 0xff,
  0x01, 0x00, 0x00, 0x00, 0xde, 0xd5, 0x9f, 0x3c, 0x61, 0x00, 0x00, 0x00,
  0x73, 0x65, 0x71, 0x75, 0x65, 0x6e, 0x74, 0x69, 0x61, 0x6c, 0x2f, 0x63,
  0x6f, 0x6e, 0x76, 0x32, 0x64, 0x5f, 0x31, 0x2f, 0x42, 0x69, 0x61, 0x73,
  0x41, 0x64, 0x64, 0x3b, 0x73, 0x65, 0x71, 0x75, 0x65, 0x6e, 0x74, 0x69,
  0x61, 0x6c, 0x2f, 0x63, 0x6f, 0x6e, 0x76, 0x32, 0x64, 0x5f, 0x31, 0x2f,
  0x43, 0x6f, 0x6e, 0x76, 0x32, 0x44, 0x3b, 0x73, 0x65, 0x71, 0x75, 0x65,
  0x6e, 0x74, 0x69, 0x61, 0x6c, 0x2f, 0x63, 0x6f, 0x6e, 0x76, 0x32, 0x64,
  0x5f, 0x31, 0x2f, 0x42, 0x69, 0x61, 0x73, 0x41, 0x64, 0x64, 0x2f, 0x52,
  0x65, 0x61, 0x64, 0x56, 0x61, 0x72, 0x69, 0x61, 0x62, 0x6c, 0x65, 0x4f,
  0x70, 0x00, 0x00, 0x00, 0x04, 0x00, 0x00, 0x00, 0x01, 0x00, 0x00, 0x00,
  0x0a, 0x00, 0x00, 0x00, 0x0a, 0x00, 0x00, 0x00, 0x10, 0x00, 0x00, 0x00,
  0x42, 0xf4, 0xff, 0xff, 0x00, 0x00, 0x00, 0x01, 0x18, 0x00, 0x00, 0x00,
  0x28, 0x00, 0x00, 0x00, 0x44, 0x00, 0x00, 0x00, 0x0f, 0x00, 0x00, 0x00,
  0x00, 0x00, 0x00, 0x09, 0x60, 0x00, 0x00, 0x00, 0x04, 0x00, 0x00, 0x00,
  0xff, 0xff, 0xff, 0xff, 0x0a, 0x00, 0x00, 0x00, 0x0a, 0x00, 0x00, 0x00,
  0x08, 0x00, 0x00, 0x00, 0x2c, 0xf4, 0xff, 0xff, 0x08, 0x00, 0x00, 0x00,
  0x10, 0x00, 0x00, 0x00, 0x01, 0x00, 0x00, 0x00, 0x90, 0xff, 0xff, 0xff,
  0xff, 0xff, 0xff, 0xff, 0x01, 0x00, 0x00, 0x00, 0xa3, 0x83, 0xd5, 0x3b,
  0x20, 0x00, 0x00, 0x00, 0x73, 0x65, 0x71, 0x75, 0x65, 0x6e, 0x74, 0x69,
  0x61, 0x6c, 0x2f, 0x6d, 0x61, 0x78, 0x5f, 0x70, 0x6f, 0x6f, 0x6c, 0x69,
  0x6e, 0x67, 0x32, 0x64, 0x2f, 0x4d, 0x61, 0x78, 0x50, 0x6f, 0x6f, 0x6c,
  0x00, 0x00, 0x00, 0x00, 0x04, 0x00, 0x00, 0x00, 0x01, 0x00, 0x00, 0x00,
  0x0a, 0x00, 0x00, 0x00, 0x0a, 0x00, 0x00, 0x00, 0x08, 0x00, 0x00, 0x00,
  0xd2, 0xf4, 0xff, 0xff, 0x00, 0x00, 0x00, 0x01, 0x18, 0x00, 0x00, 0x00,
  0x28, 0x00, 0x00, 0x00, 0x48, 0x00, 0x00, 0x00, 0x0e, 0x00, 0x00, 0x00,
  0x00, 0x00, 0x00, 0x09, 0x68, 0x00, 0x00, 0x00, 0x04, 0x00, 0x00, 0x00,
  0xff, 0xff, 0xff, 0xff, 0x14, 0x00, 0x00, 0x00, 0x14, 0x00, 0x00, 0x00,
  0x08, 0x00, 0x00, 0x00, 0xbc, 0xf4, 0xff, 0xff, 0x08, 0x00, 0x00, 0x00,
  0x14, 0x00, 0x00, 0x00, 0x01, 0x00, 0x00, 0x00, 0x90, 0xff, 0xff, 0xff,
  0xff, 0xff, 0xff, 0xff, 0x00, 0x00, 0x00, 0x00, 0x01, 0x00, 0x00, 0x00,
  0xa3, 0x83, 0xd5, 0x3b, 0x27, 0x00, 0x00, 0x00, 0x73, 0x65, 0x71, 0x75,
  0x65, 0x6e, 0x74, 0x69, 0x61, 0x6c, 0x2f, 0x63, 0x6f, 0x6e, 0x76, 0x32,
  0x64, 0x2f, 0x6c, 0x65, 0x61, 0x6b, 0x79, 0x5f, 0x72, 0x65, 0x5f, 0x6c,
  0x75, 0x2f, 0x4c, 0x65, 0x61, 0x6b, 0x79, 0x52, 0x65, 0x6c, 0x75, 0x00,
  0x04, 0x00, 0x00, 0x00, 0x01, 0x00, 0x00, 0x00, 0x14, 0x00, 0x00, 0x00,
  0x14, 0x00, 0x00, 0x00, 0x08, 0x00, 0x00, 0x00, 0x6a, 0xf5, 0xff, 0xff,
  0x00, 0x00, 0x00, 0x01, 0x18, 0x00, 0x00, 0x00, 0x28, 0x00, 0x00, 0x00,
  0x44, 0x00, 0x00, 0x00, 0x0d, 0x00, 0x00, 0x00, 0x00, 0x00, 0x00, 0x09,
  0x98, 0x00, 0x00, 0x00, 0x04, 0x00, 0x00, 0x00, 0xff, 0xff, 0xff, 0xff,
  0x14, 0x00, 0x00, 0x00, 0x14, 0x00, 0x00, 0x00, 0x08, 0x00, 0x00, 0x00,
  0x54, 0xf5, 0xff, 0xff, 0x08, 0x00, 0x00, 0x00, 0x10, 0x00, 0x00, 0x00,
  0x01, 0x00, 0x00, 0x00, 0xe7, 0xff, 0xff, 0xff, 0xff, 0xff, 0xff, 0xff,
  0x01, 0x00, 0x00, 0x00, 0x98, 0x83, 0x27, 0x3c, 0x5b, 0x00, 0x00, 0x00,
  0x73, 0x65, 0x71, 0x75, 0x65, 0x6e, 0x74, 0x69, 0x61, 0x6c, 0x2f, 0x63,
  0x6f, 0x6e, 0x76, 0x32, 0x64, 0x2f, 0x42, 0x69, 0x61, 0x73, 0x41, 0x64,
  0x64, 0x3b, 0x73, 0x65, 0x71, 0x75, 0x65, 0x6e, 0x74, 0x69, 0x61, 0x6c,
  0x2f, 0x63, 0x6f, 0x6e, 0x76, 0x32, 0x64, 0x2f, 0x43, 0x6f, 0x6e, 0x76,
  0x32, 0x44, 0x3b, 0x73, 0x65, 0x71, 0x75, 0x65, 0x6e, 0x74, 0x69, 0x61,
  0x6c, 0x2f, 0x63, 0x6f, 0x6e, 0x76, 0x32, 0x64, 0x2f, 0x42, 0x69, 0x61,
  0x73, 0x41, 0x64, 0x64, 0x2f, 0x52, 0x65, 0x61, 0x64, 0x56, 0x61, 0x72,
  0x69, 0x61, 0x62, 0x6c, 0x65, 0x4f, 0x70, 0x00, 0x04, 0x00, 0x00, 0x00,
  0x01, 0x00, 0x00, 0x00, 0x14, 0x00, 0x00, 0x00, 0x14, 0x00, 0x00, 0x00,
  0x08, 0x00, 0x00, 0x00, 0x96, 0xf6, 0xff, 0xff, 0x00, 0x00, 0x00, 0x01,
  0x14, 0x00, 0x00, 0x00, 0x88, 0x00, 0x00, 0x00, 0x0c, 0x00, 0x00, 0x00,
  0x00, 0x00, 0x00, 0x09, 0x9c, 0x00, 0x00, 0x00, 0x04, 0xf6, 0xff, 0xff,
  0x08, 0x00, 0x00, 0x00, 0x4c, 0x00, 0x00, 0x00, 0x08, 0x00, 0x00, 0x00,
  0x00, 0x00, 0x00, 0x00, 0x00, 0x00, 0x00, 0x00, 0x00, 0x00, 0x00, 0x00,
  0x00, 0x00, 0x00, 0x00, 0x00, 0x00, 0x00, 0x00, 0x00, 0x00, 0x00, 0x00,
  0x00, 0x00, 0x00, 0x00, 0x00, 0x00, 0x00, 0x00, 0x00, 0x00, 0x00, 0x00,
  0x00, 0x00, 0x00, 0x00, 0x00, 0x00, 0x00, 0x00, 0x00, 0x00, 0x00, 0x00,
  0x00, 0x00, 0x00, 0x00, 0x00, 0x00, 0x00, 0x00, 0x00, 0x00, 0x00, 0x00,
  0x00, 0x00, 0x00, 0x00, 0x00, 0x00, 0x00, 0x00, 0x08, 0x00, 0x00, 0x00,
  0xba, 0x93, 0x31, 0x3b, 0xcf, 0x73, 0xfb, 0x3a, 0x42, 0xf3, 0x05, 0x3b,
  0xbd, 0x14, 0x34, 0x3b, 0xeb, 0x75, 0x39, 0x3b, 0x87, 0x21, 0x12, 0x3b,
  0xbe, 0x8a, 0x34, 0x3b, 0xa4, 0x02, 0x4e, 0x3b, 0x18, 0x00, 0x00, 0x00,
  0x73, 0x65, 0x71, 0x75, 0x65, 0x6e, 0x74, 0x69, 0x61, 0x6c, 0x2f, 0x63,
  0x6f, 0x6e, 0x76, 0x32, 0x64, 0x2f, 0x43, 0x6f, 0x6e, 0x76, 0x32, 0x44,
  0x00, 0x00, 0x00, 0x00, 0x04, 0x00, 0x00, 0x00, 0x08, 0x00, 0x00, 0x00,
  0x03, 0x00, 0x00, 0x00, 0x03, 0x00, 0x00, 0x00, 0x01, 0x00, 0x00, 0x00,
  0x5e, 0xf7, 0xff, 0xff, 0x00, 0x00, 0x00, 0x01, 0x14, 0x00, 0x00, 0x00,
  0x84, 0x00, 0x00, 0x00, 0x0b, 0x00, 0x00, 0x00, 0x00, 0x00, 0x00, 0x02,
  0xa8, 0x00, 0x00, 0x00, 0xcc, 0xf6, 0xff, 0xff, 0x08, 0x00, 0x00, 0x00,
  0x48, 0x00, 0x00, 0x00, 0x08, 0x00, 0x00, 0x00, 0x00, 0x00, 0x00, 0x00,
  0x00, 0x00, 0x00, 0x00, 0x00, 0x00, 0x00, 0x00, 0x00, 0x00, 0x00, 0x00,
  0x00, 0x00, 0x00, 0x00, 0x00, 0x00, 0x00, 0x00, 0x00, 0x00, 0x00, 0x00,
  0x00, 0x00, 0x00, 0x00, 0x00, 0x00, 0x00, 0x00, 0x00, 0x00, 0x00, 0x00,
  0x00, 0x00, 0x00, 0x00, 0x00, 0x00, 0x00, 0x00, 0x00, 0x00, 0x00, 0x00,
  0x00, 0x00, 0x00, 0x00, 0x00, 0x00, 0x00, 0x00, 0x00, 0x00, 0x00, 0x00,
  0x08, 0x00, 0x00, 0x00, 0x01, 0x46, 0x32, 0x37, 0x40, 0x70, 0xfc, 0x36,
  0xbc, 0x79, 0x06, 0x37, 0x87, 0xc9, 0x34, 0x37, 0x1c, 0x30, 0x3a, 0x37,
  0x3c, 0xb4, 0x12, 0x37, 0xff, 0x3f, 0x35, 0x37, 0x76, 0xd1, 0x4e, 0x37,
  0x28, 0x00, 0x00, 0x00, 0x73, 0x65, 0x71, 0x75, 0x65, 0x6e, 0x74, 0x69,
  0x61, 0x6c, 0x2f, 0x63, 0x6f, 0x6e, 0x76, 0x32, 0x64, 0x2f, 0x42, 0x69,
  0x61, 0x73, 0x41, 0x64, 0x64, 0x2f, 0x52, 0x65, 0x61, 0x64, 0x56, 0x61,
  0x72, 0x69, 0x61, 0x62, 0x6c, 0x65, 0x4f, 0x70, 0x00, 0x00, 0x00, 0x00,
  0x01, 0x00, 0x00, 0x00, 0x08, 0x00, 0x00, 0x00, 0x26, 0xf8, 0xff, 0xff,
  0x00, 0x00, 0x00, 0x01, 0x14, 0x00, 0x00, 0x00, 0xe8, 0x00, 0x00, 0x00,
  0x0a, 0x00, 0x00, 0x00, 0x00, 0x00, 0x00, 0x09, 0xfc, 0x00, 0x00, 0x00,
  0x94, 0xf7, 0xff, 0xff, 0x08, 0x00, 0x00, 0x00, 0x8c, 0x00, 0x00, 0x00,
  0x10, 0x00, 0x00, 0x00, 0x00, 0x00, 0x00, 0x00, 0x00, 0x00, 0x00, 0x00,
  0x00, 0x00, 0x00, 0x00, 0x00, 0x00, 0x00, 0x00, 0x00, 0x00, 0x00, 0x00,
  0x00, 0x00, 0x00, 0x00, 0x00, 0x00, 0x00, 0x00, 0x00, 0x00, 0x00, 0x00,
  0x00, 0x00, 0x00, 0x00, 0x00, 0x00, 0x00, 0x00, 0x00, 0x00, 0x00, 0x00,
  0x00, 0x00, 0x00, 0x00, 0x00, 0x00, 0x00, 0x00, 0x00, 0x00, 0x00, 0x00,
  0x00, 0x00, 0x00, 0x00, 0x00, 0x00, 0x00, 0x00, 0x00, 0x00, 0x00, 0x00,
  0x00, 0x00, 0x00, 0x00, 0x00, 0x00, 0x00, 0x00, 0x00, 0x00, 0x00, 0x00,
  0x00, 0x00, 0x00, 0x00, 0x00, 0x00, 0x00, 0x00, 0x00, 0x00, 0x00, 0x00,
  0x00, 0x00, 0x00, 0x00, 0x00, 0x00, 0x00, 0x00, 0x00, 0x00, 0x00, 0x00,
  0x00, 0x00, 0x00, 0x00, 0x00, 0x00, 0x00, 0x00, 0x00, 0x00, 0x00, 0x00,
  0x00, 0x00, 0x00, 0x00, 0x00, 0x00, 0x00, 0x00, 0x00, 0x00, 0x00, 0x00,
  0x00, 0x00, 0x00, 0x00, 0x10, 0x00, 0x00, 0x00, 0x5f, 0xa5, 0xe9, 0x3a,
  0xcd, 0xb1, 0x03, 0x3b, 0xf3, 0x43, 0x05, 0x3b, 0x57, 0xe0, 0xfa, 0x3a,
  0xa6, 0x6c, 0x0a, 0x3b, 0x06, 0xda, 0xf2, 0x3a, 0x75, 0x08, 0xf9, 0x3a,
  0xce, 0x99, 0x04, 0x3b, 0xf7, 0xdc, 0xf3, 0x3a, 0xa7, 0xcc, 0x0a, 0x3b,
  0x34, 0xb3, 0x04, 0x3b, 0x5c, 0x7a, 0xfc, 0x3a, 0x0b, 0x85, 0xfe, 0x3a,
  0x7b, 0x23, 0xfe, 0x3a, 0xe4, 0x68, 0x00, 0x3b, 0xcb, 0xb5, 0x06, 0x3b,
  0x1a, 0x00, 0x00, 0x00, 0x73, 0x65, 0x71, 0x75, 0x65, 0x6e, 0x74, 0x69,
  0x61, 0x6c, 0x2f, 0x63, 0x6f, 0x6e, 0x76, 0x32, 0x64, 0x5f, 0x31, 0x2f,
  0x43, 0x6f, 0x6e, 0x76, 0x32, 0x44, 0x00, 0x00, 0x04, 0x00, 0x00, 0x00,
  0x10, 0x00, 0x00, 0x00, 0x03, 0x00, 0x00, 0x00, 0x03, 0x00, 0x00, 0x00,
  0x08, 0x00, 0x00, 0x00, 0x4e, 0xf9, 0xff, 0xff, 0x00, 0x00, 0x00, 0x01,
  0x14, 0x00, 0x00, 0x00, 0xe4, 0x00, 0x00, 0x00, 0x09, 0x00, 0x00, 0x00,
  0x00, 0x00, 0x00, 0x02, 0x08, 0x01, 0x00, 0x00, 0xbc, 0xf8, 0xff, 0xff,
  0x08, 0x00, 0x00, 0x00, 0x88, 0x00, 0x00, 0x00, 0x10, 0x00, 0x00, 0x00,
  0x00, 0x00, 0x00, 0x00, 0x00, 0x00, 0x00, 0x00, 0x00, 0x00, 0x00, 0x00,
  0x00, 0x00, 0x00, 0x00, 0x00, 0x00, 0x00, 0x00, 0x00, 0x00, 0x00, 0x00,
  0x00, 0x00, 0x00, 0x00, 0x00, 0x00, 0x00, 0x00, 0x00, 0x00, 0x00, 0x00,
  0x00, 0x00, 0x00, 0x00, 0x00, 0x00, 0x00, 0x00, 0x00, 0x00, 0x00, 0x00,
  0x00, 0x00, 0x00, 0x00, 0x00, 0x00, 0x00, 0x00, 0x00, 0x00, 0x00, 0x00,
  0x00, 0x00, 0x00, 0x00, 0x00, 0x00, 0x00, 0x00, 0x00, 0x00, 0x00, 0x00,
  0x00, 0x00, 0x00, 0x00, 0x00, 0x00, 0x00, 0x00, 0x00, 0x00, 0x00, 0x00,
  0x00, 0x00, 0x00, 0x00, 0x00, 0x00, 0x00, 0x00, 0x00, 0x00, 0x00, 0x00,
  0x00, 0x00, 0x00, 0x00, 0x00, 0x00, 0x00, 0x00, 0x00, 0x00, 0x00, 0x00,
  0x00, 0x00, 0x00, 0x00, 0x00, 0x00, 0x00, 0x00, 0x00, 0x00, 0x00, 0x00,
  0x00, 0x00, 0x00, 0x00, 0x00, 0x00, 0x00, 0x00, 0x10, 0x00, 0x00, 0x00,
  0xbc, 0xde, 0x42, 0x37, 0x4f, 0xad, 0x5b, 0x37, 0x20, 0x4c, 0x5e, 0x37,
  0xa9, 0x3d, 0x51, 0x37, 0x28, 0xe7, 0x66, 0x37, 0x47, 0x8c, 0x4a, 0x37,
  0x17, 0xb4, 0x4f, 0x37, 0x4f, 0x30, 0x5d, 0x37, 0x3f, 0x64, 0x4b, 0x37,
  0x4c, 0x87, 0x67, 0x37, 0xad, 0x5a, 0x5d, 0x37, 0xa2, 0x93, 0x52, 0x37,
  0x92, 0x47, 0x54, 0x37, 0x33, 0xf6, 0x53, 0x37, 0x9a, 0x32, 0x56, 0x37,
  0x0d, 0xb5, 0x60, 0x37, 0x2a, 0x00, 0x00, 0x00, 0x73, 0x65, 0x71, 0x75,
  0x65, 0x6e, 0x74, 0x69, 0x61, 0x6c, 0x2f, 0x63, 0x6f, 0x6e, 0x76, 0x32,
  0x64, 0x5f, 0x31, 0x2f, 0x42, 0x69, 0x61, 0x73, 0x41, 0x64, 0x64, 0x2f,
  0x52, 0x65, 0x61, 0x64, 0x56, 0x61, 0x72, 0x69, 0x61, 0x62, 0x6c, 0x65,
  0x4f, 0x70, 0x00, 0x00, 0x01, 0x00, 0x00, 0x00, 0x10, 0x00, 0x00, 0x00,
  0x76, 0xfa, 0xff, 0xff, 0x00, 0x00, 0x00, 0x01, 0x14, 0x00, 0x00, 0x00,
  0xa8, 0x01, 0x00, 0x00, 0x08, 0x00, 0x00, 0x00, 0x00, 0x00, 0x00, 0x09,
  0xbc, 0x01, 0x00, 0x00, 0xe4, 0xf9, 0xff, 0xff, 0x08, 0x00, 0x00, 0x00,
  0x0c, 0x01, 0x00, 0x00, 0x20, 0x00, 0x00, 0x00, 0x00, 0x00, 0x00, 0x00,
  0x00, 0x00, 0x00, 0x00, 0x00, 0x00, 0x00, 0x00, 0x00, 0x00, 0x00, 0x00,
  0x00, 0x00, 0x00, 0x00, 0x00, 0x00, 0x00, 0x00, 0x00, 0x00, 0x00, 0x00,
  0x00, 0x00, 0x00, 0x00, 0x00, 0x00, 0x00, 0x00, 0x00, 0x00, 0x00, 0x00,
  0x00, 0x00, 0x00, 0x00, 0x00, 0x00, 0x00, 0x00, 0x00, 0x00, 0x00, 0x00,
  0x00, 0x00, 0x00, 0x00, 0x00, 0x00, 0x00, 0x00, 0x00, 0x00, 0x00, 0x00,
  0x00, 0x00, 0x00, 0x00, 0x00, 0x00, 0x00, 0x00, 0x00, 0x00, 0x00, 0x00,
  0x00, 0x00, 0x00, 0x00, 0x00, 0x00, 0x00, 0x00, 0x00, 0x00, 0x00, 0x00,
  0x00, 0x00, 0x00, 0x00, 0x00, 0x00, 0x00, 0x00, 0x00, 0x00, 0x00, 0x00,
  0x00, 0x00, 0x00, 0x00, 0x00, 0x00, 0x00, 0x00, 0x00, 0x00, 0x00, 0x00,
  0x00, 0x00, 0x00, 0x00, 0x00, 0x00, 0x00, 0x00, 0x00, 0x00, 0x00, 0x00,
  0x00, 0x00, 0x00, 0x00, 0x00, 0x00, 0x00, 0x00, 0x00, 0x00, 0x00, 0x00,
  0x00, 0x00, 0x00, 0x00, 0x00, 0x00, 0x00, 0x00, 0x00, 0x00, 0x00, 0x00,
  0x00, 0x00, 0x00, 0x00, 0x00, 0x00, 0x00, 0x00, 0x00, 0x00, 0x00, 0x00,
  0x00, 0x00, 0x00, 0x00, 0x00, 0x00, 0x00, 0x00, 0x00, 0x00, 0x00, 0x00,
  0x00, 0x00, 0x00, 0x00, 0x00, 0x00, 0x00, 0x00, 0x00, 0x00, 0x00, 0x00,
  0x00, 0x00, 0x00, 0x00, 0x00, 0x00, 0x00, 0x00, 0x00, 0x00, 0x00, 0x00,
  0x00, 0x00, 0x00, 0x00, 0x00, 0x00, 0x00, 0x00, 0x00, 0x00, 0x00, 0x00,
  0x00, 0x00, 0x00, 0x00, 0x00, 0x00, 0x00, 0x00, 0x00, 0x00, 0x00, 0x00,
  0x00, 0x00, 0x00, 0x00, 0x00, 0x00, 0x00, 0x00, 0x00, 0x00, 0x00, 0x00,
  0x00, 0x00, 0x00, 0x00, 0x00, 0x00, 0x00, 0x00, 0x00, 0x00, 0x00, 0x00,
  0x00, 0x00, 0x00, 0x00, 0x00, 0x00, 0x00, 0x00, 0x00, 0x00, 0x00, 0x00,
  0x00, 0x00, 0x00, 0x00, 0x20, 0x00, 0x00, 0x00, 0x30, 0x93, 0xfc, 0x3a,
  0x14, 0x64, 0xc2, 0x3a, 0x33, 0x9c, 0xb8, 0x3a, 0x5c, 0x5f, 0xdb, 0x3a,
  0x57, 0xe6, 0xc3, 0x3a, 0x9f, 0x29, 0xcb, 0x3a, 0xc7, 0x44, 0xc2, 0x3a,
  0x2d, 0xee, 0xe6, 0x3a, 0x63, 0x42, 0xef, 0x3a, 0x3c, 0xde, 0xc7, 0x3a,
  0xca, 0xe2, 0xe3, 0x3a, 0xe8, 0x86, 0xc7, 0x3a, 0x02, 0x67, 0xcf, 0x3a,
  0xa2, 0xae, 0xdf, 0x3a, 0x62, 0xb9, 0x9d, 0x3a, 0x74, 0x20, 0xc5, 0x3a,
  0xb5, 0x3c, 0xa2, 0x3a, 0x13, 0x08, 0xa6, 0x3a, 0x7d, 0x3b, 0xb9, 0x3a,
  0xe9, 0xf9, 0xdd, 0x3a, 0x2b, 0x0c, 0xc7, 0x3a, 0xd1, 0x81, 0xd0, 0x3a,
  0xba, 0xed, 0xab, 0x3a, 0xa7, 0x0b, 0xd1, 0x3a, 0xc8, 0x5a, 0xdb, 0x3a,
  0x20, 0x69, 0xb7, 0x3a, 0x04, 0xb5, 0xd5, 0x3a, 0xa5, 0x87, 0xda, 0x3a,
  0xfe, 0x0d, 0xd8, 0x3a, 0x7b, 0x33, 0xb4, 0x3a, 0x70, 0x31, 0xc3, 0x3a,
  0x08, 0xcb, 0xad, 0x3a, 0x1a, 0x00, 0x00, 0x00, 0x73, 0x65, 0x71, 0x75,
  0x65, 0x6e, 0x74, 0x69, 0x61, 0x6c, 0x2f, 0x63, 0x6f, 0x6e, 0x76, 0x32,
  0x64, 0x5f, 0x32, 0x2f, 0x43, 0x6f, 0x6e, 0x76, 0x32, 0x44, 0x00, 0x00,
  0x04, 0x00, 0x00, 0x00, 0x20, 0x00, 0x00, 0x00, 0x03, 0x00, 0x00, 0x00,
  0x03, 0x00, 0x00, 0x00, 0x10, 0x00, 0x00, 0x00, 0x5e, 0xfc, 0xff, 0xff,
  0x00, 0x00, 0x00, 0x01, 0x14, 0x00, 0x00, 0x00, 0xa4, 0x01, 0x00, 0x00,
  0x07, 0x00, 0x00, 0x00, 0x00, 0x00, 0x00, 0x02, 0xc8, 0x01, 0x00, 0x00,
  0xcc, 0xfb, 0xff, 0xff, 0x08, 0x00, 0x00, 0x00, 0x08, 0x01, 0x00, 0x00,
  0x20, 0x00, 0x00, 0x00, 0x00, 0x00, 0x00, 0x00, 0x00, 0x00, 0x00, 0x00,
  0x00, 0x00, 0x00, 0x00, 0x00, 0x00, 0x00, 0x00, 0x00, 0x00, 0x00, 0x00,
  0x00, 0x00, 0x00, 0x00, 0x00, 0x00, 0x00, 0x00, 0x00, 0x00, 0x00, 0x00,
  0x00, 0x00, 0x00, 0x00, 0x00, 0x00, 0x00, 0x00, 0x00, 0x00, 0x00, 0x00,
  0x00, 0x00, 0x00, 0x00, 0x00, 0x00, 0x00, 0x00, 0x00, 0x00, 0x00, 0x00,
  0x00, 0x00, 0x00, 0x00, 0x00, 0x00, 0x00, 0x00, 0x00, 0x00, 0x00, 0x00,
  0x00, 0x00, 0x00, 0x00, 0x00, 0x00, 0x00, 0x00, 0x00, 0x00, 0x00, 0x00,
  0x00, 0x00, 0x00, 0x00, 0x00, 0x00, 0x00, 0x00, 0x00, 0x00, 0x00, 0x00,
  0x00, 0x00, 0x00, 0x00, 0x00, 0x00, 0x00, 0x00, 0x00, 0x00, 0x00, 0x00,
  0x00, 0x00, 0x00, 0x00, 0x00, 0x00, 0x00, 0x00, 0x00, 0x00, 0x00, 0x00,
  0x00, 0x00, 0x00, 0x00, 0x00, 0x00, 0x00, 0x00, 0x00, 0x00, 0x00, 0x00,
  0x00, 0x00, 0x00, 0x00, 0x00, 0x00, 0x00, 0x00, 0x00, 0x00, 0x00, 0x00,
  0x00, 0x00, 0x00, 0x00, 0x00, 0x00, 0x00, 0x00, 0x00, 0x00, 0x00, 0x00,
  0x00, 0x00, 0x00, 0x00, 0x00, 0x00, 0x00, 0x00, 0x00, 0x00, 0x00, 0x00,
  0x00, 0x00, 0x00, 0x00, 0x00, 0x00, 0x00, 0x00, 0x00, 0x00, 0x00, 0x00,
  0x00, 0x00, 0x00, 0x00, 0x00, 0x00, 0x00, 0x00, 0x00, 0x00, 0x00, 0x00,
  0x00, 0x00, 0x00, 0x00, 0x00, 0x00, 0x00, 0x00, 0x00, 0x00, 0x00, 0x00,
  0x00, 0x00, 0x00, 0x00, 0x00, 0x00, 0x00, 0x00, 0x00, 0x00, 0x00, 0x00,
  0x00, 0x00, 0x00, 0x00, 0x00, 0x00, 0x00, 0x00, 0x00, 0x00, 0x00, 0x00,
  0x00, 0x00, 0x00, 0x00, 0x00, 0x00, 0x00, 0x00, 0x00, 0x00, 0x00, 0x00,
  0x00, 0x00, 0x00, 0x00, 0x00, 0x00, 0x00, 0x00, 0x00, 0x00, 0x00, 0x00,
  0x00, 0x00, 0x00, 0x00, 0x00, 0x00, 0x00, 0x00, 0x20, 0x00, 0x00, 0x00,
  0xcf, 0x62, 0xd9, 0x37, 0xe6, 0x4e, 0xa7, 0x37, 0xdd, 0xe3, 0x9e, 0x37,
  0x2f, 0xcf, 0xbc, 0x37, 0x59, 0x9b, 0xa8, 0x37, 0x97, 0xdb, 0xae, 0x37,
  0xf5, 0x33, 0xa7, 0x37, 0xc6, 0xc1, 0xc6, 0x37, 0xec, 0xec, 0xcd, 0x37,
  0xb4, 0x05, 0xac, 0x37, 0xf9, 0x22, 0xc4, 0x37, 0x8b, 0xba, 0xab, 0x37,
  0xc3, 0x81, 0xb2, 0x37, 0xbf, 0x84, 0xc0, 0x37, 0xf7, 0xbf, 0x87, 0x37,
  0xb2, 0xa9, 0xa9, 0x37, 0x54, 0xa2, 0x8b, 0x37, 0x5e, 0xe6, 0x8e, 0x37,
  0xf6, 0x6c, 0x9f, 0x37, 0xdf, 0x0c, 0xbf, 0x37, 0xe8, 0x50, 0xab, 0x37,
  0x2b, 0x75, 0xb3, 0x37, 0xb1, 0xf9, 0x93, 0x37, 0xcd, 0xeb, 0xb3, 0x37,
  0x3e, 0xcb, 0xbc, 0x37, 0x92, 0xdb, 0x9d, 0x37, 0xe7, 0xee, 0xb7, 0x37,
  0x86, 0x15, 0xbc, 0x37, 0x27, 0xf4, 0xb9, 0x37, 0x66, 0x18, 0x9b, 0x37,
  0xa6, 0xff, 0xa7, 0x37, 0x7f, 0x94, 0x95, 0x37, 0x2a, 0x00, 0x00, 0x00,
  0x73, 0x65, 0x71, 0x75, 0x65, 0x6e, 0x74, 0x69, 0x61, 0x6c, 0x2f, 0x63,
  0x6f, 0x6e, 0x76, 0x32, 0x64, 0x5f, 0x32, 0x2f, 0x42, 0x69, 0x61, 0x73,
  0x41, 0x64, 0x64, 0x2f, 0x52, 0x65, 0x61, 0x64, 0x56, 0x61, 0x72, 0x69,
  0x61, 0x62, 0x6c, 0x65, 0x4f, 0x70, 0x00, 0x00, 0x01, 0x00, 0x00, 0x00,
  0x20, 0x00, 0x00, 0x00, 0x46, 0xfe, 0xff, 0xff, 0x00, 0x00, 0x00, 0x01,
  0x14, 0x00, 0x00, 0x00, 0x34, 0x00, 0x00, 0x00, 0x06, 0x00, 0x00, 0x00,
  0x00, 0x00, 0x00, 0x09, 0x44, 0x00, 0x00, 0x00, 0xb4, 0xfd, 0xff, 0xff,
  0x08, 0x00, 0x00, 0x00, 0x14, 0x00, 0x00, 0x00, 0x01, 0x00, 0x00, 0x00,
  0x00, 0x00, 0x00, 0x00, 0x00, 0x00, 0x00, 0x00, 0x00, 0x00, 0x00, 0x00,
  0x01, 0x00, 0x00, 0x00, 0xfd, 0xf6, 0x1c, 0x3b, 0x17, 0x00, 0x00, 0x00,
  0x73, 0x65, 0x71, 0x75, 0x65, 0x6e, 0x74, 0x69, 0x61, 0x6c, 0x2f, 0x64,
  0x65, 0x6e, 0x73, 0x65, 0x2f, 0x4d, 0x61, 0x74, 0x4d, 0x75, 0x6c, 0x00,
  0x02, 0x00, 0x00, 0x00, 0x20, 0x00, 0x00, 0x00, 0x80, 0x00, 0x00, 0x00,
  0xae, 0xfe, 0xff, 0xff, 0x00, 0x00, 0x00, 0x01, 0x14, 0x00, 0x00, 0x00,
  0x30, 0x00, 0x00, 0x00, 0x05, 0x00, 0x00, 0x00, 0x00, 0x00, 0x00, 0x02,
  0x50, 0x00, 0x00, 0x00, 0x1c, 0xfe, 0xff, 0xff, 0x08, 0x00, 0x00, 0x00,
  0x10, 0x00, 0x00, 0x00, 0x01, 0x00, 0x00, 0x00, 0x00, 0x00, 0x00, 0x00,
  0x00, 0x00, 0x00, 0x00, 0x01, 0x00, 0x00, 0x00, 0x8d, 0x96, 0xaa, 0x38,
  0x27, 0x00, 0x00, 0x00, 0x73, 0x65, 0x71, 0x75, 0x65, 0x6e, 0x74, 0x69,
  0x61, 0x6c, 0x2f, 0x64, 0x65, 0x6e, 0x73, 0x65, 0x2f, 0x42, 0x69, 0x61,
  0x73, 0x41, 0x64, 0x64, 0x2f, 0x52, 0x65, 0x61, 0x64, 0x56, 0x61, 0x72,
  0x69, 0x61, 0x62, 0x6c, 0x65, 0x4f, 0x70, 0x00, 0x01, 0x00, 0x00, 0x00,
  0x20, 0x00, 0x00, 0x00, 0x1e, 0xff, 0xff, 0xff, 0x00, 0x00, 0x00, 0x01,
  0x14, 0x00, 0x00, 0x00, 0x30, 0x00, 0x00, 0x00, 0x04, 0x00, 0x00, 0x00,
  0x00, 0x00, 0x00, 0x09, 0x44, 0x00, 0x00, 0x00, 0x8c, 0xfe, 0xff, 0xff,
  0x08, 0x00, 0x00, 0x00, 0x10, 0x00, 0x00, 0x00, 0x01, 0x00, 0x00, 0x00,
  0x00, 0x00, 0x00, 0x00, 0x00, 0x00, 0x00, 0x00, 0x01, 0x00, 0x00, 0x00,
  0xa2, 0x9b, 0x7e, 0x3b, 0x19, 0x00, 0x00, 0x00, 0x73, 0x65, 0x71, 0x75,
  0x65, 0x6e, 0x74, 0x69, 0x61, 0x6c, 0x2f, 0x64, 0x65, 0x6e, 0x73, 0x65,
  0x5f, 0x31, 0x2f, 0x4d, 0x61, 0x74, 0x4d, 0x75, 0x6c, 0x00, 0x00, 0x00,
  0x02, 0x00, 0x00, 0x00, 0x06, 0x00, 0x00, 0x00, 0x20, 0x00, 0x00, 0x00,
  0x86, 0xff, 0xff, 0xff, 0x00, 0x00, 0x00, 0x01, 0x14, 0x00, 0x00, 0x00,
  0x34, 0x00, 0x00, 0x00, 0x03, 0x00, 0x00, 0x00, 0x00, 0x00, 0x00, 0x02,
  0x58, 0x00, 0x00, 0x00, 0xf4, 0xfe, 0xff, 0xff, 0x08, 0x00, 0x00, 0x00,
  0x14, 0x00, 0x00, 0x00, 0x01, 0x00, 0x00, 0x00, 0x00, 0x00, 0x00, 0x00,
  0x00, 0x00, 0x00, 0x00, 0x00, 0x00, 0x00, 0x00, 0x01, 0x00, 0x00, 0x00,
  0x44, 0x62, 0x4d, 0x39, 0x29, 0x00, 0x00, 0x00, 0x73, 0x65, 0x71, 0x75,
  0x65, 0x6e, 0x74, 0x69, 0x61, 0x6c, 0x2f, 0x64, 0x65, 0x6e, 0x73, 0x65,
  0x5f, 0x31, 0x2f, 0x42, 0x69, 0x61, 0x73, 0x41, 0x64, 0x64, 0x2f, 0x52,
  0x65, 0x61, 0x64, 0x56, 0x61, 0x72, 0x69, 0x61, 0x62, 0x6c, 0x65, 0x4f,
  0x70, 0x00, 0x00, 0x00, 0x01, 0x00, 0x00, 0x00, 0x06, 0x00, 0x00, 0x00,
  0x00, 0x00, 0x16, 0x00, 0x1c, 0x00, 0x18, 0x00, 0x17, 0x00, 0x10, 0x00,
  0x0c, 0x00, 0x08, 0x00, 0x00, 0x00, 0x00, 0x00, 0x00, 0x00, 0x07, 0x00,
  0x16, 0x00, 0x00, 0x00, 0x00, 0x00, 0x00, 0x01, 0x18, 0x00, 0x00, 0x00,
  0x18, 0x00, 0x00, 0x00, 0x02, 0x00, 0x00, 0x00, 0x00, 0x00, 0x00, 0x02,
  0x2c, 0x00, 0x00, 0x00, 0x04, 0x00, 0x04, 0x00, 0x04, 0x00, 0x00, 0x00,
  0x18, 0x00, 0x00, 0x00, 0x73, 0x65, 0x71, 0x75, 0x65, 0x6e, 0x74, 0x69,
  0x61, 0x6c, 0x2f, 0x66, 0x6c, 0x61, 0x74, 0x74, 0x65, 0x6e, 0x2f, 0x43,
  0x6f, 0x6e, 0x73, 0x74, 0x00, 0x00, 0x00, 0x00, 0x01, 0x00, 0x00, 0x00,
  0x02, 0x00, 0x00, 0x00, 0x00, 0x00, 0x16, 0x00, 0x20, 0x00, 0x1c, 0x00,
  0x1b, 0x00, 0x14, 0x00, 0x10, 0x00, 0x0c, 0x00, 0x00, 0x00, 0x00, 0x00,
  0x08, 0x00, 0x07, 0x00, 0x16, 0x00, 0x00, 0x00, 0x00, 0x00, 0x00, 0x01,
  0x18, 0x00, 0x00, 0x00, 0x34, 0x00, 0x00, 0x00, 0x54, 0x00, 0x00, 0x00,
  0x01, 0x00, 0x00, 0x00, 0x00, 0x00, 0x00, 0x09, 0x6c, 0x00, 0x00, 0x00,
  0x04, 0x00, 0x00, 0x00, 0xff, 0xff, 0xff, 0xff, 0x14, 0x00, 0x00, 0x00,
  0x14, 0x00, 0x00, 0x00, 0x01, 0x00, 0x00, 0x00, 0x0c, 0x00, 0x0c, 0x00,
  0x00, 0x00, 0x00, 0x00, 0x08, 0x00, 0x04, 0x00, 0x0c, 0x00, 0x00, 0x00,
  0x08, 0x00, 0x00, 0x00, 0x14, 0x00, 0x00, 0x00, 0x01, 0x00, 0x00, 0x00,
  0x80, 0xff, 0xff, 0xff, 0xff, 0xff, 0xff, 0xff, 0x00, 0x00, 0x00, 0x00,
  0x01, 0x00, 0x00, 0x00, 0x81, 0x80, 0x80, 0x3b, 0x1e, 0x00, 0x00, 0x00,
  0x73, 0x65, 0x72, 0x76, 0x69, 0x6e, 0x67, 0x5f, 0x64, 0x65, 0x66, 0x61,
  0x75, 0x6c, 0x74, 0x5f, 0x63, 0x6f, 0x6e, 0x76, 0x32, 0x64, 0x5f, 0x69,
  0x6e, 0x70, 0x75, 0x74, 0x3a, 0x30, 0x00, 0x00, 0x04, 0x00, 0x00, 0x00,
  0x01, 0x00, 0x00, 0x00, 0x14, 0x00, 0x00, 0x00, 0x14, 0x00, 0x00, 0x00,
  0x01, 0x00, 0x00, 0x00, 0x06, 0x00, 0x00, 0x00, 0x78, 0x00, 0x00, 0x00,
  0x5c, 0x00, 0x00, 0x00, 0x3c, 0x00, 0x00, 0x00, 0x2c, 0x00, 0x00, 0x00,
  0x18, 0x00, 0x00, 0x00, 0x04, 0x00, 0x00, 0x00, 0xac, 0xff, 0xff, 0xff,
  0x19, 0x00, 0x00, 0x00, 0x02, 0x00, 0x00, 0x00, 0x00, 0x00, 0x00, 0x19,
  0xbc, 0xff, 0xff, 0xff, 0x09, 0x00, 0x00, 0x00, 0x04, 0x00, 0x00, 0x00,
  0x00, 0x00, 0x00, 0x09, 0xe4, 0xff, 0xff, 0xff, 0x16, 0x00, 0x00, 0x00,
  0x00, 0x00, 0x00, 0x16, 0xd8, 0xff, 0xff, 0xff, 0x11, 0x00, 0x00, 0x00,
  0x02, 0x00, 0x00, 0x00, 0x00, 0x00, 0x00, 0x11, 0x0c, 0x00, 0x0c, 0x00,
  0x0b, 0x00, 0x00, 0x00, 0x00, 0x00, 0x04, 0x00, 0x0c, 0x00, 0x00, 0x00,
  0x62, 0x00, 0x00, 0x00, 0x00, 0x00, 0x00, 0x62, 0x0c, 0x00, 0x10, 0x00,
  0x0f, 0x00, 0x00, 0x00, 0x08, 0x00, 0x04, 0x00, 0x0c, 0x00, 0x00, 0x00,
  0x03, 0x00, 0x00, 0x00, 0x03, 0x00, 0x00, 0x00, 0x00, 0x00, 0x00, 0x03
};
